name,1816,1886,1950,2020
League of Nations,?,International,?,?
United Nations,?,International,International,International
United States of America,Sovereign,Sovereign,Sovereign,Sovereign
Alaska,Colony of,Colony of,Colony of,Part of
Hawaii (Sandwich Is.),Sovereign (limited),Sovereign (limited),Colony of,Part of
Virgin Islands (Danish West Indies),Colony of,Colony of,Colony of,Colony of
Puerto Rico,Part of,Colony of,Colony of,Dependency of
Texas,Part of,Part of,Part of,Part of
Greenland,Colony of,Colony of,Colony of,Dependency of
Faeroe Is.,Colony of,Colony of,Dependency of,Dependency of
Canada (Province of Canada),Colony of,Colony of,Sovereign,Sovereign
Newfoundland and Labrador (Newfoundland),Colony of,Colony of,Part of,Part of
Bermuda,Colony of,Colony of,Colony of,Colony of
Bahamas,Colony of,Colony of,Colony of,Sovereign
Cuba,Part of,Colony of,Sovereign,Sovereign
Haiti,Sovereign (unrecognized),Sovereign,Sovereign,Sovereign
Dominican Republic (Santo Domingo),Part of,Sovereign,Sovereign,Sovereign
West Indies Federation,?,?,Colony of,?
Jamaica,Colony of,Colony of,Colony of,Sovereign
Trinidad and Tobago,?,Colony of,Colony of,Sovereign
Barbados,Colony of,Colony of,Colony of,Sovereign
Dominica,Colony of,Part of,Part of,Sovereign
Grenada,Colony of,Part of,Part of,Sovereign
St. Lucia,Colony of,Part of,Part of,Sovereign
St. Vincent and the Grenadines,Colony of,Part of,Part of,Sovereign
Antigua and Barbuda (Antigua),Colony of,Part of,Part of,Sovereign
Montserrat,Colony of,Part of,Part of,Colony of
St. Kitts-Nevis,Part of,Part of,Part of,Sovereign
Guadeloupe,Colony of,Colony of,Part of,Part of
Martinique,Colony of,Colony of,Part of,Part of
Netherlands Antilles,Colony of,Colony of,Colony of,?
Mexico,Part of,Sovereign,Sovereign,Sovereign
Belize (British Honduras),Occupied by,Colony of,Colony of,Sovereign
United States of Central America,Colony of,?,?,?
Guatemala,Part of,Sovereign,Sovereign,Sovereign
Honduras,Part of,Sovereign,Sovereign,Sovereign
El Salvador,Part of,Sovereign,Sovereign,Sovereign
Nicaragua,Part of,Sovereign,Sovereign,Sovereign
Costa Rica,Part of,Sovereign,Sovereign,Sovereign
Panama,Colony of,Part of,Sovereign,Sovereign
Panama Canal Zone,Part of,Part of,Leased to,Part of
Colombia (New Granada) (Gran Colombia),Colony of,Sovereign,Sovereign,Sovereign
Venezuela,Colony of,Sovereign,Sovereign,Sovereign
Guyana (British Guiana),Colony of,Colony of,Colony of,Sovereign
Surinam (Dutch Guiana),Colony of,Colony of,Colony of,Sovereign
French Guiana,Occupied by,Colony of,Part of,Part of
Ecuador,Colony of,Sovereign,Sovereign,Sovereign
Peru,Part of,Sovereign,Sovereign,Sovereign
Bolivia-Peru Confederation,Sovereign (unrecognized),?,?,?
Brazil,Colony of,Sovereign,Sovereign,Sovereign
Bolivia,Colony of,Sovereign,Sovereign,Sovereign
Paraguay,Sovereign,Sovereign,Sovereign,Sovereign
Chile,Part of,Sovereign,Sovereign,Sovereign
Argentina (La Plata),Sovereign,Sovereign,Sovereign,Sovereign
Uruguay,Part of,Sovereign,Sovereign,Sovereign
United Kingdom,Sovereign,Sovereign,Sovereign,Sovereign
Ireland,Part of,Part of,Sovereign,Sovereign
Netherlands,Sovereign,Sovereign,Sovereign,Sovereign
Belgium,Part of,Sovereign,Sovereign,Sovereign
Luxemburg,Sovereign (limited),Sovereign (limited),Sovereign,Sovereign
France,Sovereign,Sovereign,Sovereign,Sovereign
Monaco,Protectorate of,Sovereign (unrecognized),Sovereign (unrecognized),Sovereign
Liechtenstein,Sovereign (limited),Sovereign (unrecognized),Sovereign (unrecognized),Sovereign
Switzerland,Sovereign,Sovereign,Sovereign,Sovereign
Spain,Sovereign,Sovereign,Sovereign,Sovereign
Gibraltar,Colony of,Colony of,Colony of,Colony of
Andorra,Sovereign (unrecognized),Sovereign (unrecognized),Sovereign (unrecognized),Sovereign
Portugal,Sovereign,Sovereign,Sovereign,Sovereign
Prussia,Sovereign,Part of,?,?
Hanover,Sovereign (unrecognized),Part of,?,?
Anhalt Dessau,Sovereign (limited),?,?,?
Anhalt Köthen,Sovereign (limited),?,?,?
Anhalt Bernburg,Sovereign (limited),?,?,?
Brunswick,Sovereign (limited),Part of,?,?
Bavaria,Sovereign,Part of,Part of,Part of
Bremen,Sovereign (unrecognized),Part of,Part of,Part of
Frankfurt,Sovereign (unrecognized),Part of,?,?
Hamburg,Sovereign (unrecognized),Part of,Part of,Part of
Saxony Anhalt (Anhalt),Sovereign (limited),Part of,Part of,Part of
Hohenzollern Hechingen,Sovereign (limited),Part of,?,?
Hohenzollern Sigmaringen,Sovereign (limited),Part of,?,?
Lippe,Sovereign (limited),Part of,Part of,Part of
Mecklenburg Strelitz,Sovereign (limited),Part of,?,?
Nassau,Sovereign (limited),Part of,?,?
Germany (Zollverein),Informal,Sovereign,Sovereign,Sovereign
Saar,Part of,Part of,Protectorate of,Part of
Oldenburg,Sovereign (limited),Part of,?,?
"Reuss, Older Line",Sovereign (limited),Part of,?,?
"Reuss, Younger Line",Sovereign (limited),Part of,?,?
German Federal Republic,?,Occupied by,Sovereign (unrecognized),?
Saxe Weimar Eisenach,Sovereign (limited),Part of,?,?
Saxe Altenburg,Sovereign (limited),Part of,Part of,Part of
Saxe Gotha Altenburg,Sovereign (limited),?,?,?
Saxe Coburg and Gotha,Sovereign (limited),Part of,?,?
German Democratic Republic,?,Occupied by,Sovereign (unrecognized),?
Saxe Meiningen,Sovereign (limited),Part of,?,?
Baden,Sovereign,Part of,Occupied by,Part of
Schwarzburg Sondershausen,Sovereign (limited),Part of,?,?
Saxony,Sovereign,Part of,Part of,Part of
Schwarzburg Rudolstadt,Sovereign (limited),Part of,?,?
Wuerttemberg,Sovereign,Part of,Occupied by,Part of
Waldeck and Pyrmont,Sovereign (limited),Part of,?,?
Hesse Electoral,Sovereign,Part of,?,?
Schaumburg Lippe,Sovereign (limited),Part of,?,?
People’s State of Hesse (Hesse Grand Ducal),Sovereign,Part of,?,?
Lübeck,Sovereign (limited),Part of,?,?
Hesse Homburg,Sovereign (limited),Part of,?,?
Mecklenburg Schwerin,Sovereign (limited),Part of,?,?
Mecklenburg,?,Part of,?,?
Mecklenburg Vorpommern,?,Occupied by,Part of,Part of
Poland,Dissolved into,Sovereign,Sovereign,Sovereign
Danzig (Free City of Danzig),Part of,Part of,Part of,Part of
Austria-Hungary (Austrian Empire),Sovereign,Sovereign,?,?
Austria,Part of,Part of,Occupied by,Sovereign
Hungary,Part of,Part of,Sovereign,Sovereign
Czechoslovakia,?,Sovereign,Sovereign,?
Czech Republic,Part of,Part of,Part of,Sovereign
Slovakia,Part of,Part of,Part of,Sovereign
Kingdom of Sardinia,Sovereign,?,?,?
Italy,Informal,Sovereign,Sovereign,Sovereign
Trieste,Part of,Part of,Mandated to,Part of
Papal States,Sovereign,?,?,?
Vatican City,Part of,Part of,Sovereign (unrecognized),Sovereign
Two Sicilies,Sovereign,?,?,?
San Marino,Sovereign (unrecognized),Sovereign (unrecognized),Sovereign (unrecognized),Sovereign
Modena,Part of,?,?,?
Parma,Sovereign (unrecognized),?,?,?
Lucca,Part of,?,?,?
Tuscany,Sovereign,?,?,?
Malta,Colony of,Colony of,Colony of,Sovereign
Albania,Part of,Part of,Sovereign,Sovereign
Montenegro,Vassal of,Sovereign,Part of,Sovereign
Kingdom of Serbia,Vassal of,Sovereign,?,?
North Macedonia (Former Yugoslav Republic of Macedonia) (Macedonia),Part of,Part of,Part of,Sovereign
Croatia,Part of,Part of,Part of,Sovereign
"Yugoslavia (Kingdom of Serbs, Croats and Slovenes)",?,Sovereign,Sovereign,?
Bosnia-Herzegovina,Part of,Occupied by,Part of,Sovereign
Kosovo,Part of,Part of,Part of,Sovereign (unrecognized)
Serbia (Serbia and Montenegro) (Federal Republic of Yugoslavia),?,?,Sovereign,Sovereign
Slovenia,Part of,Part of,Part of,Sovereign
Greece,Part of,Sovereign,Sovereign,Sovereign
Crete,Part of,Part of,Part of,Part of
Cyprus,Part of,Protectorate of,Colony of,Sovereign
Bulgaria,Part of,Vassal of,Sovereign,Sovereign
Moldova (Bessarabia) (Moldavian Republic),Part of,Part of,Part of,Sovereign
Romania,Vassal of,Sovereign,Sovereign,Sovereign
Russia (USSR),Sovereign,Sovereign,Sovereign,Sovereign
Estonia,Part of,Part of,Occupied by,Sovereign
Latvia,Part of,Part of,Occupied by,Sovereign
Lithuania,Part of,Part of,Occupied by,Sovereign
Ukraine,Part of,Part of,Part of,Sovereign
Belarus (Byelorussia),Part of,Part of,Part of,Sovereign
Armenia,Part of,Part of,Part of,Sovereign
Georgia,Part of,Part of,Part of,Sovereign
Azerbaijan,Part of,Part of,Part of,Sovereign
Transcaucasia,Part of,Part of,?,?
Finland,Part of,Part of,Sovereign,Sovereign
Chechen-Ingush Republic,?,Part of,Part of,?
Sweden,Sovereign,Sovereign,Sovereign,Sovereign
Norway,Sovereign (limited),Sovereign (limited),Sovereign,Sovereign
Denmark,Sovereign,Sovereign,Sovereign,Sovereign
Iceland,Colony of,Colony of,Sovereign,Sovereign
European Union (European Economic Community),?,?,Informal,Informal
Azores (Western Isles),Colony of,Part of,Part of,Dependency of
Madeira Isles,Colony of,Part of,Part of,Dependency of
Cape Verde,Colony of,Colony of,Colony of,Sovereign
Sao Tome-Principe,Colony of,Colony of,Colony of,Sovereign
Guinea-Bissau (Portuguese Guinea),Part of,Colony of,Colony of,Sovereign
Canary Is.,Colony of,Part of,Part of,Part of
Equatorial Guinea (Spanish Guinea),Colony of,Colony of,Colony of,Sovereign
Río Muni,Part of,Part of,Part of,Part of
Fernando Po (Bioko),Colony of,Part of,Part of,Part of
Gambia,Colony of,Part of,Colony of,Sovereign
French West Africa,?,Colony of,Colony of,?
Mali Federation,?,?,Associated state of,?
Mali (French Sudan) (Upper Senegal and Niger),Sovereign (unrecognized),Colony of,Part of,Sovereign
Senegal,Colony of,Colony of,Part of,Sovereign
Benin (Dahomey),Part of,Part of,Part of,Sovereign
Mauritania,Part of,Part of,Part of,Sovereign
Niger,Part of,Part of,Part of,Sovereign
Ivory Coast,Part of,Protectorate of,Part of,Sovereign
Guinea (French Guinea) (Rivieres du Sud),Part of,Part of,Part of,Sovereign
Burkina Faso (Upper Volta),Part of,Part of,Colony of,Sovereign
Liberia,Colony of,Sovereign (unrecognized),Sovereign,Sovereign
Sierra Leone,Colony of,Colony of,Protectorate of,Sovereign
Ghana (Gold Coast),Colony of,Colony of,Colony of,Sovereign
German Togoland,Protectorate of,Protectorate of,?,?
Togo (French Togoland),?,Mandated to,Mandated to,Sovereign
British Togoland,?,Mandated to,Mandated to,?
Kamerun,Colony of,Colony of,Part of,?
Cameroun (French Cameroon),?,Occupied by,Mandated to,Sovereign
British Cameroons,?,Occupied by,Mandated to,?
Nigeria,?,Colony of,Colony of,Sovereign
French Equatorial Africa,?,Colony of,Colony of,?
Gabon,Discovered,Protectorate of,Part of,Sovereign
Central African Republic (Ubangi Shari),?,Claimed by,Part of,Sovereign
Chad,Sovereign (unrecognized),Sovereign (unrecognized),Part of,Sovereign
Congo (Brazzaville) (French Congo) (Middle Congo),Discovered,Colony of,Part of,Sovereign
Democratic Republic of the Congo (Zaire) (Kinshasa) (Belgian Congo) (Congo Free State),Discovered,Possession of,Colony of,Sovereign
Uganda,Sovereign (unrecognized),Sovereign (unrecognized),Protectorate of,Sovereign
Kenya (British East Africa Protectorate),Discovered,Discovered,Colony of,Sovereign
German East Africa,Colony of,Colony of,?,?
Zanzibar,Colony of,Sovereign (unrecognized),Protectorate of,Part of
Tanzania (Tanganyika),Unknown,Protectorate of,Mandated to,Sovereign
Ruanda-Urundi,?,Occupied by,Mandated to,?
Burundi,Sovereign (unrecognized),Sovereign (unrecognized),Part of,Sovereign
Rwanda,Sovereign (unrecognized),Part of,Part of,Sovereign
Somalia,Sovereign (unrecognized),Part of,Part of,Sovereign
Somaliland Republic (British Somaliland),Part of,Protectorate of,Colony of,Sovereign (unrecognized)
Djibouti (Afar and Issas) (French Somaliland),Part of,Colony of,Colony of,Sovereign
Ethiopia (Abyssinia),Sovereign (unrecognized),Sovereign (unrecognized),Sovereign,Sovereign
Eritrea,Part of,Colony of,Protectorate of,Sovereign
Angola,Colony of,Colony of,Colony of,Sovereign
Mozambique (Portuguese East Africa),Colony of,Colony of,Colony of,Sovereign
Federation of Rhodesia and Nyasaland,?,?,Colony of,?
Zambia (Northern Rhodesia),?,Part of,Protectorate of,Sovereign
Zimbabwe (Rhodesia) (Southern Rhodesia),?,Protectorate of,Colony of,Sovereign
Malawi (Nyasaland) (British Central Africa Protectorate),Discovered,Discovered,Protectorate of,Sovereign
South Africa,?,Colony of,Sovereign,Sovereign
Cape Colony (Cape of Good Hope),Colony of,Colony of,Part of,Part of
Natal,Discovered,Colony of,Part of,Part of
Transvaal (South African Republic),Sovereign (unrecognized),Sovereign (unrecognized),Part of,Part of
Orange Free State (Orange River Colony),Discovered,Sovereign (unrecognized),Part of,Part of
Namibia (South West Africa) (German South West Africa),Discovered,Colony of,Mandated to,Sovereign
Transkei,?,?,Sovereign (unrecognized),Part of
Bophuthatswana,?,?,Sovereign (unrecognized),Part of
Venda,?,?,Sovereign (unrecognized),Part of
Ciskei,?,Part of,Part of,Part of
Lesotho (Basutoland),Sovereign (unrecognized),Colony of,Colony of,Sovereign
Botswana (Bechuanaland),Discovered,Protectorate of,Protectorate of,Sovereign
Eswatini (Swaziland),Sovereign (unrecognized),Sovereign (unrecognized),Protectorate of,Sovereign
Madagascar (Malagasy Republic),Sovereign (unrecognized),Protectorate of,Colony of,Sovereign
Comoros,?,Protectorate of,Dependency of,Sovereign
Reunion (Bourbon I.),Colony of,Colony of,Part of,Part of
Mauritius,Colony of,Colony of,Colony of,Sovereign
Seychelles,Part of,Part of,Colony of,Sovereign
Morocco,Sovereign (unrecognized),Sovereign,Protectorate of,Sovereign
Tangier,Part of,Part of,Sovereign (unrecognized),Part of
Spanish Morocco,?,Protectorate of,Part of,?
Ifni,Part of,Part of,Colony of,Part of
Sahrawi Arab Democratic Republic (Western Sahara) (Spanish Sahara),Protectorate of,Protectorate of,Protectorate of,Sovereign (unrecognized)
Spanish West Africa,?,Colony of,Colony of,?
Algeria (Regency of Algiers),Part of,Colony of,Colony of,Sovereign
Tunisia (Regency of Tunis),Vassal of,Protectorate of,Protectorate of,Sovereign
Libya,?,Colony of,Occupied by,Sovereign
Sudan (Anglo-Egyptian Sudan) (Mahdist State),Part of,Sovereign (unrecognized),Protectorate of,Sovereign
South Sudan,?,?,Sovereign,Sovereign
Iran (Persia),Sovereign (unrecognized),Sovereign,Sovereign,Sovereign
Turkey (Ottoman Empire),Sovereign,Sovereign,Sovereign,Sovereign
Iraq (Mesopotamia),Part of,Part of,Sovereign,Sovereign
Egypt Arab Republic (Egypt),Sovereign (unrecognized),Occupied by,Sovereign,Sovereign
Syria,Part of,Part of,Sovereign,Sovereign
Lebanon,Part of,Part of,Sovereign,Sovereign
Jordan (Transjordan),Part of,Part of,Sovereign,Sovereign
Palestine,Part of,Part of,Occupied by,Sovereign
Israel,?,Sovereign,Sovereign,Sovereign
Saudi Arabia (Emirate of Nejd) (Emirate of Diriyah),Sovereign (unrecognized),Sovereign (unrecognized),Sovereign,Sovereign
Hejaz Sultanate,Unknown,Part of,Part of,Part of
Asir,Vassal of,Occupied by,Part of,Part of
Al Hasa,Part of,Occupied by,Part of,Part of
Jabal Shammar,Vassal of,Vassal of,Part of,Part of
Yemen Arab Republic (North Yemen) (Kingdom of Yemen),Sovereign (unrecognized),Part of,Sovereign,?
Yemen,?,?,Sovereign,Sovereign
Yemen People's Republic (South Yemen),?,?,Sovereign,?
Aden,Part of,Part of,Colony of,Part of
Aden Protectorate,Protectorate of,Protectorate of,?,?
Kuwait,Sovereign (unrecognized),Sovereign (unrecognized),Protectorate of,Sovereign
Bahrain,Part of,Protectorate of,Protectorate of,Sovereign
Qatar,Dependency of,Vassal of,Protectorate of,Sovereign
United Arab Emirates (Trucial Oman),Sovereign (unrecognized),Sovereign (unrecognized),Protectorate of,Sovereign
Oman (Sultanate of Muscat and Oman),Sovereign (unrecognized),Sovereign (unrecognized),Sovereign (unrecognized),Sovereign
Afghanistan,Sovereign (unrecognized),Protectorate of,Sovereign,Sovereign
Turkmenistan,Part of,Part of,Part of,Sovereign
Tajikistan,Part of,Part of,Part of,Sovereign
Kyrgyzstan,Part of,Part of,Part of,Sovereign
Uzbekistan,Part of,Part of,Part of,Sovereign
Kazakhstan,Protectorate of,Part of,Part of,Sovereign
People's Republic of China (China),Sovereign (unrecognized),Sovereign,Sovereign,Sovereign
Manchukuo,?,Occupied by,Part of,Part of
Mongolia,Part of,Part of,Sovereign,Sovereign
Republic of China (Taiwan) (Formosa),Part of,Part of,Sovereign,Sovereign (unrecognized)
Hong Kong,Part of,Colony of,Colony of,Dependency of
Macao,Colony of,Colony of,Colony of,Dependency of
Korea (Chosen),Sovereign (unrecognized),Sovereign (unrecognized),?,?
North Korea (Democratic People's Republic of Korea),?,Occupied by,Sovereign,Sovereign
South Korea (Republic of South Korea),?,Occupied by,Sovereign,Sovereign
Far Eastern Republic,Part of,Part of,Part of,Part of
Japan,Sovereign (unrecognized),Sovereign,Occupied by,Sovereign
Ryukyu Is.,Protectorate of,Part of,Occupied by,Part of
India,Colony of,Colony of,Sovereign,Sovereign
French India,Colony of,Colony of,Colony of,Part of
Portuguese India,Colony of,Colony of,Colony of,?
Bhutan,Part of,Protectorate of,Protectorate of,Sovereign
Sikkim,Part of,Protectorate of,Protectorate of,Part of
Pakistan,Part of,Part of,Sovereign,Sovereign
Bangladesh,?,Part of,Part of,Sovereign
Myanmar (Burma),Sovereign (unrecognized),Sovereign (unrecognized),Sovereign,Sovereign
Sri Lanka (Ceylon),Colony of,Colony of,Sovereign,Sovereign
Maldive Islands,Protectorate of,Protectorate of,Protectorate of,Sovereign
Nepal,Protectorate of,Protectorate of,Sovereign,Sovereign
Thailand (Siam),Sovereign (unrecognized),Sovereign (unrecognized),Sovereign,Sovereign
French Indochina,?,Colony of,Colony of,?
Cambodia (Kampuchea),Vassal of,Protectorate of,Protectorate of,Sovereign
Laos,Part of,Part of,Protectorate of,Sovereign
Vietnam,Sovereign (unrecognized),Sovereign (unrecognized),Associated state of,Sovereign
"Vietnam, Democratic Rep.",?,Colony of,Colony of,?
Republic of Vietnam,?,?,Sovereign,?
Malaysia (British Malaya),Informal,Informal,Colony of,Sovereign
Federated Malay States,?,Colony of,?,?
Sabah (North Borneo),Part of,Leased to,Colony of,Claimed by
Sarawak,Part of,Sovereign (unrecognized),Colony of,Part of
Straits Settlements,Colony of,Colony of,?,?
Singapore,Part of,Part of,Colony of,Sovereign
Brunei,Sovereign (unrecognized),Sovereign (unrecognized),Protectorate of,Sovereign
Philippines,Part of,Colony of,Sovereign,Sovereign
Indonesia (Dutch East Indies),Colony of,Colony of,Sovereign,Sovereign
West Irian (Dutch New Guinea),Part of,Part of,Colony of,Dependency of
East Timor (Portuguese Timor),Colony of,Colony of,Colony of,Sovereign
Australia,Informal,Informal,Sovereign,Sovereign
New South Wales,Colony of,Colony of,Part of,Part of
Western Australia,Discovered,Colony of,Part of,Part of
South Australia,Part of,Colony of,Part of,Part of
Victoria,Part of,Colony of,Part of,Part of
Queensland,Part of,Colony of,Part of,Part of
Tasmania,Part of,Colony of,Part of,Part of
Papua New Guinea,?,Part of,Part of,Sovereign
Papua (British New Guinea),Part of,Protectorate of,Dependency of,?
New Guinea (German New Guinea) (Kaiser Wilhelmsland),Colony of,Colony of,Mandated to,?
New Zealand,Part of,Colony of,Sovereign,Sovereign
Cook Is.,Discovered,Discovered,Colony of,Associated state of
New Caledonia,Sovereign (unrecognized),Colony of,Dependency of,Colony of
Vanuatu (New Hebrides),Discovered,Discovered,Colony of,Sovereign
Solomon Islands (British Solomon Islands Protectorate),Discovered,Discovered,Protectorate of,Sovereign
Gilbert and Ellice Is.,?,Protectorate of,Colony of,?
Kiribati,Discovered,Discovered,Part of,Sovereign
Tuvalu,Discovered,Discovered,Part of,Sovereign
Fiji,Discovered,Colony of,Colony of,Sovereign
Tonga (Haʻapai),Sovereign (unrecognized),Sovereign (unrecognized),Protectorate of,Sovereign
French Polynesia,Sovereign (unrecognized),Protectorate of,Colony of,Colony of
Nauru,Sovereign (unrecognized),Sovereign (unrecognized),Mandated to,Sovereign
U. S. Pacific Trust Territories (South Seas Mandate),?,Mandated to,Mandated to,?
Marshall Is.,Discovered,Protectorate of,Part of,Sovereign
Northern Marianas Is.,Part of,Part of,Part of,Dependency of
Guam,Part of,Part of,Colony of,Colony of
Palau,Part of,Part of,Part of,Sovereign
Federated States of Micronesia,Part of,Part of,Part of,Sovereign
Samoa (Western Samoa) (German Samoa),?,Colony of,Mandated to,Sovereign
American Samoa,?,Colony of,Colony of,Colony of
States of America,Occupied by,?,?,?
Confederate States of America,Sovereign (limited),?,?,?
Attu and Kiska,Part of,Part of,Part of,Part of
North Carolina,Part of,Part of,Part of,Part of
Virginia,Part of,Part of,Part of,Part of
Tennessee,Part of,Part of,Part of,Part of
Arkansas,Part of,Part of,Part of,Part of
Florida,Part of,Part of,Part of,Part of
South Carolina (Palmetto Republic),Part of,Part of,Part of,Part of
Georgia (U.S.),Part of,Part of,Part of,Part of
Alabama,Part of,Part of,Part of,Part of
Mississippi,Part of,Part of,Part of,Part of
Louisiana,Part of,Part of,Part of,Part of
California (Great Bear Republic),Part of,Part of,Part of,Part of
Cherokee,Part of,Part of,Part of,Part of
Oregon (Oregon Country),Claimed by,Part of,Part of,Part of
Eastern Greenland,?,Possession of,Part of,Part of
U.S. Leased Bases in Newfoundland,?,Leased to,Leased to,?
Rupert's Land,Possession of,?,?,?
San Juan Island,Claimed by,Part of,Part of,Part of
Cape Breton I.,Colony of,Part of,Part of,Part of
Nova Scotia,Colony of,Part of,Part of,Part of
New Brunswick,Colony of,Part of,Part of,Part of
Prince Edward Is.,Colony of,Part of,Part of,Part of
Quebec (Lower Canada),Colony of,Part of,Part of,Part of
Ontario (Upper Canada),Colony of,Part of,Part of,Part of
British Columbia,Part of,Part of,Part of,Part of
Vancouver,Discovered,Part of,Part of,Part of
St. Pierre and Miquelon,Colony of,Colony of,Colony of,Dependency of
U.S. Leased Bases in Bermuda,?,Leased to,Leased to,?
Mayaguana,Part of,Part of,Part of,Part of
Turks and Caicos Is.,Part of,Part of,Part of,Colony of
Cayman Is.,Part of,Part of,Part of,Colony of
Guantanamo,Part of,Part of,Leased to,Leased to
North Haiti,Sovereign (unrecognized),Part of,Part of,Part of
Navassa I.,Discovered,Claimed by,Dependency of,Dependency of
Trinidad,Colony of,Colony of,Part of,Part of
Tobago,Colony of,Part of,Part of,Part of
U.S. Leased Bases in Jamaica,?,Leased to,?,?
U.S. Leased Bases in Trinidad,?,Leased to,?,?
Morant Cays,Discovered,Part of,Part of,Part of
Pedro Bank,Discovered,Part of,Part of,Part of
Windward Is.,Colony of,Colony of,Colony of,?
Gros Islet Bay,Part of,Part of,Part of,Part of
Barbuda,Possession of,Part of,Part of,Part of
U.S. Leased Bases in Antigua,?,Leased to,?,?
British Virgin Is.,Colony of,Part of,Part of,Colony of
Anguilla,Colony of,Part of,Part of,Colony of
Leeward Is.,Colony of,Colony of,Colony of,?
St. Barthelemy,Colony of,Part of,Part of,Dependency of
Curacao,Colony of,Part of,Part of,Dependency of
Bonaire,Colony of,Part of,Part of,Dependency of
Saba,Colony of,Part of,Part of,Dependency of
Sint Eustatius,Colony of,Part of,Part of,Dependency of
Aruba,Colony of,Part of,Part of,Dependency of
Viceroyalty of New Spain,Colony of,?,?,?
Yucatan,Part of,Part of,Part of,Part of
Revillagigedo Is,Possession of,Possession of,Possession of,Possession of
Sint Maarten,Colony of,Part of,Part of,Dependency of
Dutch Windward Is.,Part of,Part of,Part of,?
St. Kitts,Colony of,Part of,Part of,Part of
Nevis,Colony of,Part of,Part of,Part of
St. Martin,Part of,Part of,Part of,Dependency of
Mosquito Coast,Colony of,Occupied by,Part of,Part of
Bay Is.,Part of,Part of,Part of,Part of
Swan Is.,Part of,Leased to,Leased to,Part of
Corn Is.,Part of,Part of,Leased to,Part of
Cocos I.,Part of,Possession of,Possession of,Possession of
Panama Canal Operating Area,Part of,Part of,Part of,Leased to
Quita Sueno Bank,Discovered,Claimed by,Claimed by,Part of
Roncador Cay,Discovered,Claimed by,Claimed by,Part of
Serrana Bank,Discovered,Claimed by,Claimed by,Part of
Serranilla Bank,Discovered,Claimed by,Claimed by,Claimed by
San Andres and Providincial Is.,Possession of,Claimed by,Part of,Part of
Malpelo I.,Discovered,Possession of,Possession of,Possession of
Aves I.,Claimed by,Claimed by,Possession of,Possession of
U.S. Leased Bases in Br. Guiana,?,Leased to,?,?
Demerara and Essequibo,Colony of,Part of,Part of,Part of
Berbice,Colony of,Part of,Part of,Part of
Viceroyalty of Peru,Colony of,?,?,?
Free Surinam,Part of,Part of,Part of,Part of
Easter I.,Discovered,Protectorate of,Colony of,Part of
Juan Fernandez I.,Discovered,Discovered,Possession of,Part of
Desventuradas Is. (San Felix and San Ambrosio),Discovered,Discovered,Possession of,Part of
Sala y Gomez,Discovered,Discovered,Possession of,Part of
Araucania,Unknown,Part of,Part of,Part of
Río de la Plata United Provinces,Sovereign (unrecognized),?,?,?
Buenos Aires,Part of,Part of,Part of,Part of
Cordoba,Part of,Part of,Part of,Part of
Falkland Is.,Possession of,Colony of,Colony of,Colony of
South Georgia,Possession of,Part of,Claimed by,Part of
South Georgia and South Sandwich Is.,?,?,Dependency of,Dependency of
San Juan,Part of,Part of,Part of,Part of
Corrientes,Part of,Part of,Part of,Part of
Martin Garcia I.,Part of,Part of,Part of,Part of
Inini,Part of,Part of,Part of,Part of
Galapagos Is.,Discovered,Part of,Part of,Part of
Chincha Is.,Part of,Part of,Part of,Part of
Rio Grande do Sul,Part of,Part of,Part of,Part of
Juliana Republic,Part of,?,?,?
Acre,Part of,Part of,Part of,Part of
St. Paul's Rocks,Discovered,Discovered,Possession of,Possession of
Trindade Island,Discovered,Discovered,Possession of,Possession of
Rockall I.,Discovered,Discovered,Discovered,Part of
Lundy,Part of,Part of,Part of,Part of
Channel Is.,Possession of,Possession of,Dependency of,Dependency of
Isle of Man,Dependency of,Dependency of,Dependency of,Dependency of
UK Bases in Ireland,?,Possession of,Part of,Part of
Limburg,Part of,Part of,Part of,Part of
Moresnet,Neutral or demilitarized zone of,Neutral or demilitarized zone of,Part of,Part of
Alsace Lorraine,Part of,Part of,?,?
Roquebrune and Menton,Part of,Part of,Part of,Part of
Saxe Lauenburg,Sovereign (limited),?,?,?
Schleswig,Sovereign (limited),Part of,Part of,Part of
Holstein,Sovereign (limited),Part of,Part of,Part of
Heligoland,Colony of,Colony of,?,?
Neuchatel,Part of,Part of,Part of,Part of
Spain-Gibraltar Neutral Zone,?,Neutral or demilitarized zone of,Neutral or demilitarized zone of,Neutral or demilitarized zone of
Ile des Faisans,Neutral or demilitarized zone of,Neutral or demilitarized zone of,Neutral or demilitarized zone of,Neutral or demilitarized zone of
Posen-West Prussia,?,Part of,?,?
Bergedorf,Part of,Part of,?,?
Schleswig Plebiscite Zone,Part of,Part of,Part of,Part of
Allenstein Plebiscite Zone,Part of,Part of,?,?
Marienwerder Plebiscite Zone,Part of,Part of,?,?
Silesia Plebiscite Zone,Part of,Part of,?,?
Brandenburg,Part of,Part of,Part of,Part of
Schleswig-Holstein,Part of,Part of,Part of,Part of
Rhineland,Part of,Part of,?,?
Ruhr,Part of,Part of,?,?
Thuringia,?,Part of,Part of,Part of
Berlin (West Berlin),Part of,Part of,Occupied by,Part of
Hesse,?,Part of,Part of,Part of
Lower Saxony,?,Part of,Part of,Part of
North Rhine Westphalia,?,Part of,Part of,Part of
Rhineland Palatinate,?,Part of,Part of,Part of
Baden Wuerttemberg,?,?,Part of,Part of
Saxe Hildburghausen,Sovereign (limited),?,?,?
Congress Poland,Sovereign (limited),Part of,?,?
Province of Posen (Grand Duchy of Posen),Dependency of,Part of,?,?
Cracow (Free City of Cracow),Protectorate of,Part of,?,?
Galicia (Kingdom of Galicia and Lodomeria),Part of,Part of,?,?
Klagenfurt Plebiscite Zone,Part of,Part of,?,?
Vorarlberg,Part of,Part of,Part of,Part of
Tyrol,Part of,Part of,Part of,Part of
Bohemia,Part of,Part of,Part of,Part of
Moravia,Part of,Part of,?,?
Czech Silesia,Part of,Part of,?,?
Carpathian Ruthenia,Part of,Part of,?,?
Carpatho-Ukraine,?,Part of,Part of,Part of
Milan,Part of,?,?,?
Republic of St. Mark,Part of,?,?,?
Lombardy-Venetia,Part of,?,?,?
Ancona,Part of,Part of,Part of,Part of
Sicily,Part of,Part of,Part of,Part of
Venezia-Giulia,Part of,Part of,Part of,Part of
"S.M.O.M. (Sovereign & Military Order of Jerusalem, Rhodes and Malta)",Part of,Sovereign (unrecognized),Sovereign (unrecognized),Sovereign (unrecognized)
Scutari,Part of,Part of,Part of,Part of
Saseno,Part of,Part of,Part of,Part of
Fiume,Part of,Part of,Part of,Part of
Zadar (Zara),Part of,Part of,Part of,Part of
Ionian Is.,Protectorate of,Part of,Part of,Part of
Corfu,Part of,Part of,Part of,Part of
Turkish Republic of Northern Cyprus,?,?,Part of,Sovereign (unrecognized)
Dodecanese Is. (Aegean Is.),Part of,Part of,Part of,Part of
Janina,Part of,Part of,Part of,Part of
Akrotiri and Dhekelia (British Bases in Cyprus),Part of,Part of,Part of,Dependency of
Castellorizo,Part of,Part of,Part of,Part of
Moldavia,Vassal of,?,?,?
Wallachia,Vassal of,?,?,?
Memel,Part of,Part of,Part of,Part of
North Ingria,Part of,Part of,Part of,Part of
Batum,Part of,Part of,Part of,Part of
Daghestan,Part of,Part of,Part of,Part of
Nakhichevan,Part of,Part of,Part of,Dependency of
Mountaineers' Republic of the North Caucasus,?,Sovereign (unrecognized),?,?
Porkkala,Part of,Part of,Claimed by,Part of
Aland Is.,Part of,Part of,Dependency of,Dependency of
Hangö,Part of,Part of,Part of,Part of
Elba,Part of,Part of,Part of,Part of
Svalbard Is.,Discovered,Discovered,Dependency of,Dependency of
Jan Mayen Is.,Discovered,Discovered,Dependency of,Dependency of
Independent State of Croatia,?,Sovereign (unrecognized),?,?
"State of Slovenes, Croats and Serbs",?,Dissolved into,?,?
Serb Republic of Krajina,?,?,Sovereign (unrecognized),?
Serb Republic of Bosnia,?,?,Part of,Part of
Vojvodina,Part of,Part of,Part of,Part of
Bosnia,Part of,?,?,?
Herzegovina,Part of,?,?,?
Novi Pazar,Part of,Occupied by,Part of,Part of
Brda,Part of,Part of,Part of,Part of
Western Thrace,Part of,Part of,Part of,Part of
Mount Athos,Part of,Part of,Dependency of,Dependency of
New Greece,Part of,Part of,Part of,Part of
Samos,Part of,Vassal of,Part of,Part of
Lemnos,Part of,Part of,Part of,Part of
UN Buffer Zone in Cyprus,Part of,Part of,Part of,Neutral or demilitarized zone of
Eastern Rumelia,Vassal of,Part of,?,?
Transdniestria (Pridnestrovian Moldavian Republic),?,Part of,Part of,Sovereign (unrecognized)
Gagauzia,Part of,Part of,Part of,Dependency of
Danube Islands Neutral Zone,Neutral or demilitarized zone of,?,?,?
Adygea,?,Part of,Part of,Dependency of
Altai Republic,Part of,Part of,Part of,Dependency of
Bashkir Republic,Part of,Part of,Part of,Dependency of
Buryatia,Colony of,Colony of,Part of,Dependency of
Karelia Republic,Part of,Part of,Part of,Dependency of
Kresy,Part of,Part of,Part of,Part of
Western Ukraine,Part of,Part of,Part of,Part of
Northeren Russia,Part of,Part of,Part of,Part of
Republic of the Don,Part of,Part of,Part of,Part of
Odessa,Part of,Part of,Part of,Part of
Crimea,Part of,Part of,Part of,Dependency of
Novorossiya,Part of,Part of,Part of,Dependency of
Donetsk,Part of,Part of,Part of,Sovereign (unrecognized)
Luhansk,Part of,Part of,Part of,Sovereign (unrecognized)
Artsakh (Republic of Karabakh),Part of,Part of,Part of,Sovereign (unrecognized)
Abkhazia,Part of,Part of,Part of,Sovereign (unrecognized)
South Ossetia,Part of,Part of,Part of,Sovereign (unrecognized)
Adjara,Part of,Part of,Part of,Dependency of
Chechen Republic,Part of,Part of,Part of,Part of
"Ingushetia, Republic of",Colony of,Colony of,Part of,Part of
Sweden-Norway Neutral Zone,Part of,Part of,Neutral or demilitarized zone of,Neutral or demilitarized zone of
Bornholm I.,Part of,Part of,Part of,Part of
Principe,Part of,Part of,Part of,Dependency of
Cacheu,Possession of,Part of,Part of,Part of
Bissau,Possession of,Part of,Part of,Part of
Oio,Unknown,Unknown,Part of,Part of
British Guinea (Bolama),Colony of,Part of,Part of,Part of
St. Helena,Colony of,Colony of,Colony of,Colony of
Longwood,Part of,Possession of,Possession of,Possession of
Tristan da Cunha,Possession of,Possession of,Part of,Part of
Ascension I.,Possession of,Possession of,Part of,Part of
Annobon I.,Possession of,Part of,Part of,Part of
Corisco I.,Possession of,Part of,Part of,Part of
Elobey Is.,Unknown,Part of,Part of,Part of
"Elobey, Annóbon and Corisco",Protectorate of,Protectorate of,?,?
Tokolor Empire,Sovereign (unrecognized),Sovereign (unrecognized),?,?
Timbuctu,Vassal of,Unknown,Part of,Part of
Bambuk,Unknown,Unknown,Part of,Part of
Dinguiray,Unknown,Part of,Part of,Part of
Kaarta,Sovereign (unrecognized),Part of,Part of,Part of
Macina,Part of,Part of,Part of,Part of
Segu,Sovereign (unrecognized),Part of,Part of,Part of
Sikasso,Sovereign (unrecognized),Sovereign (unrecognized),Part of,Part of
Futa Toro,Sovereign (unrecognized),Occupied by,Part of,Part of
Futa Bondu,Sovereign (unrecognized),Occupied by,Part of,Part of
Cayor,Sovereign (unrecognized),Protectorate of,Part of,Part of
Rip,Sovereign (unrecognized),Unknown,Part of,Part of
Saloum,Sovereign (unrecognized),Sovereign (unrecognized),Part of,Part of
Sine,Sovereign (unrecognized),Occupied by,Part of,Part of
Walo,Sovereign (unrecognized),Occupied by,Part of,?
Goree,Part of,Part of,Part of,Part of
Old Dahomey,Sovereign (unrecognized),Sovereign (unrecognized),Part of,Part of
Gun,Unknown,Occupied by,Part of,Part of
Ketu,Sovereign (unrecognized),Sovereign (unrecognized),Part of,Part of
Grand Popo,Unknown,Possession of,Part of,Part of
Ouidah,Unknown,Possession of,Part of,Part of
Anecho (Little Popo),Unknown,Part of,Part of,Part of
Cotonou,Discovered,Possession of,Part of,Part of
Porto Novo,Sovereign (unrecognized),Part of,Part of,Part of
Ajuda,Possession of,Possession of,Possession of,Part of
Adrar,Unknown,Unknown,Part of,Part of
Brakna,Sovereign (unrecognized),Sovereign (unrecognized),Part of,Part of
Tagant,Unknown,Unknown,Part of,Part of
Trarza,Sovereign (unrecognized),Sovereign (unrecognized),Part of,Part of
Aïr,Sovereign (unrecognized),Sovereign (unrecognized),Part of,Part of
Zinder,Vassal of,Vassal of,Part of,Part of
Odienne,Unknown,Part of,Part of,Part of
Grand-Bassam,Discovered,Part of,Part of,Part of
Assinie,Discovered,Part of,Part of,Part of
Futa Djallon,Sovereign (unrecognized),Sovereign (unrecognized),?,?
Kankan,Sovereign (unrecognized),Occupied by,Part of,?
Loos Is.,Unknown,Colony of,Part of,Part of
Gurma,Sovereign (unrecognized),Sovereign (unrecognized),Part of,?
Kong,Sovereign (unrecognized),Sovereign (unrecognized),Part of,?
Mandinka (Wassoulou) Empire,Unknown,Sovereign (unrecognized),?,?
Mamprussi,Sovereign (unrecognized),Sovereign (unrecognized),Part of,?
Ouagadougou (Mossi Empire),Sovereign (unrecognized),Sovereign (unrecognized),?,?
Yatenga,Sovereign (unrecognized),Sovereign (unrecognized),Part of,?
Busuma,Sovereign (unrecognized),Sovereign (unrecognized),Part of,?
Riziam,Unknown,Unknown,Part of,?
Maryland,Colony of,Part of,Part of,Part of
Aku,Unknown,Part of,Part of,Part of
Banana Islands,Discovered,Part of,Part of,Part of
Bumpe,Unknown,Unknown,Part of,Part of
Koya-Temne,Sovereign (unrecognized),Sovereign (unrecognized),Part of,Part of
Shenge (Plantation Island),Discovered,Discovered,Part of,Part of
Asante (Ashanti Empire),Sovereign (unrecognized),Sovereign (unrecognized),Sovereign (unrecognized),Part of
Adansi,Part of,Part of,Part of,Part of
Akwamu,Part of,Part of,Part of,Part of
Akwapim,Part of,Part of,Part of,Part of
Akyem,Part of,Part of,Part of,Part of
Dagomba,Part of,Sovereign (unrecognized),Part of,Part of
Denkyira,Vassal of,Part of,Part of,Part of
Fante,Part of,Part of,Part of,Part of
Ga,Vassal of,Part of,Part of,Part of
Gonja,Part of,Sovereign (unrecognized),Part of,Part of
Gyamen,Unknown,Unknown,Part of,Part of
Wassa,Vassal of,Part of,Part of,Part of
Danish Posts (Gold Coast),Possession of,Part of,Part of,Part of
Dutch Posts (Gold Coast),Possession of,Part of,Part of,Part of
Northern Territories (Gold Coast),?,Protectorate of,Part of,Part of
Gold Coast-Togoland (Neutral Zone),?,Neutral or demilitarized zone of,?,?
Bamum (Bamoun),Sovereign (unrecognized),Part of,Part of,Part of
Kontagora,Unknown,Part of,Part of,Part of
Keana,Unknown,Unknown,Part of,Part of
Fika,Sovereign (unrecognized),Sovereign (unrecognized),Part of,Part of
Doma (Gara),Unknown,Unknown,Part of,Part of
Abuja (Suleja),Sovereign (unrecognized),Sovereign (unrecognized),Part of,Part of
Igala,Sovereign (unrecognized),Sovereign (unrecognized),Part of,Part of
Wukari (Kwararafa),Vassal of,Sovereign (unrecognized),Part of,Part of
Yauri,Vassal of,Vassal of,Part of,Part of
Oyo Empire,Sovereign (unrecognized),?,?,?
Sokoto,Sovereign (unrecognized),Sovereign (unrecognized),Part of,Part of
Adamawa,Part of,Part of,Part of,Part of
Bauchi,Part of,Part of,Part of,Part of
Gwandu,Part of,Part of,Part of,Part of
Hadejia,Part of,Part of,Part of,Part of
Ilorin,Vassal of,Part of,Part of,Part of
Kano,Part of,Part of,Part of,Part of
Katsina,Part of,Part of,Part of,Part of
Katagum,Part of,Part of,Part of,Part of
Nupe,Unknown,Part of,Part of,Part of
Zaria,Part of,Part of,Part of,Part of
Bornu (Kanem),Sovereign (unrecognized),Sovereign (unrecognized),?,?
Mandara,Unknown,Unknown,?,?
Rabah,Part of,Part of,Part of,Part of
Egba,Unknown,Unknown,Part of,Part of
Ibadan,Sovereign (unrecognized),Sovereign (unrecognized),Part of,Part of
Ife,Unknown,Part of,?,?
Ijaiye,Unknown,Part of,?,?
Ijebu,Sovereign (unrecognized),Sovereign (unrecognized),Part of,Part of
Ilesha,Unknown,Part of,?,?
New Oyo,Part of,Part of,?,?
Benin (Edo),Sovereign (unrecognized),Sovereign (unrecognized),Part of,Part of
Lagos,Vassal of,Colony of,Part of,Part of
Oil Rivers Protectorate,Protectorate of,Protectorate of,?,?
Southern Nigeria (Niger Coast Protectorate),Protectorate of,Protectorate of,?,?
Northern Nigeria (British Nigeria),Possession of,Possession of,?,?
Biafra,?,?,Sovereign (unrecognized),?
Bonny,Sovereign (unrecognized),Part of,Part of,Part of
Old Calabar (Efik),Sovereign (unrecognized),Part of,Part of,Part of
New Calabar (Kalabari),Sovereign (unrecognized),Part of,Part of,Part of
Opobo,Sovereign (unrecognized),Part of,Part of,Part of
Nembe (Brass),Sovereign (unrecognized),Part of,?,?
Okrika,Unknown,Part of,?,?
Bangassou,Sovereign (unrecognized),Sovereign (unrecognized),Part of,Part of
Rafai,Sovereign (unrecognized),Sovereign (unrecognized),Part of,Part of
Zemio,Unknown,Unknown,Part of,Part of
Bagirmi,Sovereign (unrecognized),Sovereign (unrecognized),?,?
Wadai,Sovereign (unrecognized),Sovereign (unrecognized),Part of,Part of
Bateke (Anziku),Sovereign (unrecognized),Part of,Part of,Part of
Loango,Sovereign (unrecognized),Part of,Part of,Part of
Tippu Tip Empire,Sovereign (unrecognized),Sovereign (unrecognized),?,?
Lunda Kingdom (Mwata Yamvo),Sovereign (unrecognized),?,?,?
Kalagne,Unknown,Part of,Part of,Part of
Luba Kingdom,Sovereign (unrecognized),Sovereign (unrecognized),?,?
Katanga (State of Katanga) (Msiri's Yeke Kingdom),Part of,Sovereign (unrecognized),Part of,?
Kasai,Part of,Part of,Part of,Part of
Azande,Sovereign (unrecognized),Sovereign (unrecognized),Part of,Part of
Mangbetu,Unknown,Unknown,Part of,Part of
Kuba,Sovereign (unrecognized),Sovereign (unrecognized),Part of,Part of
Buganda,Sovereign (unrecognized),Sovereign (unrecognized),Part of,Part of
Ankole,Sovereign (unrecognized),Sovereign (unrecognized),Part of,?
Bunyoro,Sovereign (unrecognized),Sovereign (unrecognized),Part of,Part of
Busoga,Discovered,Discovered,Part of,Part of
Butoro,Unknown,Unknown,Part of,Part of
Rwenzururu,Unknown,Unknown,Part of,Part of
Kenya Protectorate,?,Protectorate of,Protectorate of,?
Mombassa,Sovereign (unrecognized),Part of,Part of,Part of
Pate,Unknown,Part of,Part of,Part of
Vumbu Kuu,Unknown,?,?,?
Wanga (Wanga Kingdom),Sovereign (unrecognized),Sovereign (unrecognized),Part of,Part of
Ha,Unknown,Unknown,Part of,Part of
Haya,Sovereign (unrecognized),Sovereign (unrecognized),Part of,Part of
Hehe,Unknown,Unknown,Part of,Part of
Karagwe,Sovereign (unrecognized),Sovereign (unrecognized),Part of,Part of
Urambo,Unknown,Unknown,Part of,Part of
Gwangara,Part of,Part of,?,?
North Gwangara,?,Part of,Part of,Part of
South Gwangara,?,Part of,Part of,Part of
Mafia I.,Part of,Part of,Part of,Part of
Italian Somaliland,?,Protectorate of,Occupied by,Part of
Italian East Africa,?,Colony of,?,?
Oltre Giuba,Part of,Part of,Part of,Part of
Alula (Majeerteen),Sovereign (unrecognized),Sovereign (unrecognized),?,?
Obbia,Sovereign (unrecognized),Sovereign (unrecognized),Part of,Part of
Somali Coast Territory,?,Leased to,?,?
Puntland,Part of,Part of,Part of,Dependency of
Mogadishu,Part of,Part of,Part of,Part of
Merca,Part of,Part of,Part of,Part of
Barawa,Occupied by,Part of,Part of,Part of
Warsheikh,Part of,Part of,Part of,Part of
Geledi,Sovereign (unrecognized),Sovereign (unrecognized),?,?
Tadjoura,Part of,Part of,Part of,Part of
Obock,Part of,Part of,Part of,Part of
Amhara,Part of,Part of,Part of,Part of
Gondar,Part of,Part of,Part of,Part of
Shewa,Sovereign (unrecognized),Part of,Part of,Part of
Tigray,Part of,Part of,Part of,Part of
Gojjam,Part of,Part of,Part of,Part of
Harar,Vassal of,Part of,?,?
"Jijega, Reserve Areas and Haud",Vassal of,Vassal of,Occupied by,Part of
Kaffa,Sovereign (unrecognized),Sovereign (unrecognized),Part of,Part of
Limmu-Ennarea,Sovereign (unrecognized),Sovereign (unrecognized),Part of,Part of
Jimma-Kakka (Jimma Abba Jifar),Sovereign (unrecognized),Vassal of,Part of,Part of
Gera,Unknown,Sovereign (unrecognized),Part of,Part of
Gomma,Sovereign (unrecognized),Sovereign (unrecognized),Part of,Part of
Guma,Unknown,Part of,Part of,Part of
Assab,Unknown,Part of,?,?
Awsa Sultanate,Sovereign (unrecognized),Sovereign (unrecognized),Part of,Part of
Chokwe,Unknown,Unknown,Part of,Part of
Ovimbundu,Unknown,Unknown,Part of,Part of
Cabinda (Portuguese Congo),Occupied by,Protectorate of,Protectorate of,Part of
Kionga,Unknown,Possession of,Part of,Part of
Citimukulu Bemba,Sovereign (unrecognized),Sovereign (unrecognized),Part of,Part of
Mwamba Bemba,Sovereign (unrecognized),Sovereign (unrecognized),Part of,Part of
Barotseland (Lozi),Sovereign (unrecognized),Sovereign (unrecognized),Part of,Part of
Maseko Ngoni,Unknown,Unknown,Part of,Part of
Shangane (Gaza Empire),Sovereign (unrecognized),Sovereign (unrecognized),Part of,Part of
Kazembe,Sovereign (unrecognized),Sovereign (unrecognized),Part of,Part of
Northeastern Rhodesia,?,Protectorate of,?,?
Barotseland_North_Western Rhodesia (Northwestern Rhodesia),?,Possession of,?,?
Rozwi,Sovereign (unrecognized),?,?,?
Ndebele (Matabeleland),Sovereign (unrecognized),Sovereign (unrecognized),Part of,Part of
Mashona,Part of,Part of,Part of,Part of
Mbelwa Ngoni,Unknown,?,?,?
Mpezeni Ngoni,Part of,Unknown,Part of,Part of
Kamanga,Unknown,Part of,Part of,Part of
Zwangendaba Ngoni,Unknown,Part of,?,?
Ciwere (Chewa),Unknown,Part of,Part of,Part of
Zulu,Discovered,Discovered,Part of,Part of
Ndandwe,Part of,Part of,?,?
Mtetwa,Part of,Part of,?,?
Prince Edward and Marion Is.,Possession of,Possession of,Possession of,Possession of
"Griqualand, West",Sovereign (unrecognized),Part of,Part of,Part of
British Bechuanaland,Colony of,Colony of,Part of,Part of
Stellaland and Goshen,Part of,?,?,?
British Kaffraria,Discovered,Part of,?,?
Lydenburg Republic,Sovereign (unrecognized),Part of,Part of,Part of
Zoutpansberg,Sovereign (unrecognized),Part of,Part of,Part of
Zululand,Sovereign (unrecognized),Sovereign (unrecognized),?,?
New Republic,Sovereign (unrecognized),Sovereign (unrecognized),?,?
"Griqualand, East",Part of,Part of,?,?
Winburg Republic (Natalia Republic),Sovereign (unrecognized),?,?,?
Walvis Bay,Discovered,Part of,Part of,Part of
Bamangwato,Unknown,Unknown,Part of,Part of
Ambohimanga (Merina),Sovereign (unrecognized),Sovereign (unrecognized),?,?
Menabe,Sovereign (unrecognized),Part of,Part of,Part of
Antaimoro,Part of,Part of,Part of,Part of
Boina,Sovereign (unrecognized),?,?,?
Nossi Be,Discovered,Colony of,Part of,Part of
Diego Suarez,Discovered,Colony of,Part of,Part of
St. Marie de Madagascar,Occupied by,Possession of,Part of,Part of
Tromelin I.,Part of,Part of,Part of,Possession of
Bassas Da India I.,Discovered,Discovered,Possession of,Possession of
Europa I.,Discovered,Discovered,Possession of,Possession of
Juan de Nova I.,Discovered,Discovered,Possession of,Possession of
Glorioso I.,Discovered,Discovered,Possession of,Possession of
Fort Dauphin,Possession of,Part of,Part of,Part of
Grand Comoro,Sovereign (unrecognized),Sovereign (unrecognized),Part of,Part of
Mayotte,Sovereign (unrecognized),Part of,Part of,Claimed by
Anjouan,Sovereign (unrecognized),Sovereign (unrecognized),Part of,Part of
Moheli,Part of,Sovereign (unrecognized),Part of,Part of
Andruna,Unknown,Part of,?,?
Rodrigues I.,Possession of,Possession of,Possession of,Dependency of
Agalega Is.,Possession of,Possession of,Possession of,Possession of
Cargados Carajos Shoals,Colony of,Possession of,Possession of,Possession of
British Indian Ocean Territory (Chagos Archipelago),Part of,Part of,Part of,Dependency of
Amirante Is.,Part of,Part of,Part of,Part of
Oujda,Part of,Part of,Part of,Part of
Southern zone of Spanish Morocco,?,Part of,Part of,?
Republic of the Rif,?,Part of,?,?
Tetuan,Part of,Part of,Part of,Part of
Alhucemas,Part of,Part of,Part of,Dependency of
Ceuta,Colony of,Part of,Part of,Dependency of
Chafarinas,Part of,Part of,Part of,Dependency of
Melilla,Colony of,Part of,Part of,Dependency of
Penon de Velez,Part of,Part of,Part of,Dependency of
Morocco-Melilla Neutral Zone,Neutral or demilitarized zone of,Neutral or demilitarized zone of,Part of,?
Captaincy-general of north Africa,Part of,Colony of,Part of,Part of
Río de Oro,Colony of,Colony of,Colony of,?
Abdelkader Emirate,Part of,?,?,?
Kabylie,Part of,Part of,Part of,Part of
Leased Posts in Algeria,Leased to,?,?,?
Bizerte,Part of,Part of,Part of,Part of
Cyrenaica,Part of,Part of,Part of,Part of
Tripolitania (Regency of Tripoli),Vassal of,Part of,Part of,Part of
Fezzan,Part of,Part of,Part of,Part of
Darfur (Darfur Sultanate),Sovereign (unrecognized),Part of,Part of,Part of
Funj Sultanate,Sovereign (unrecognized),?,?,?
Kordofan,Part of,Part of,Part of,?
Shilluk,Sovereign (unrecognized),Part of,Part of,Part of
North Kordofan,?,?,Part of,Part of
South Kordofan,?,?,Part of,Part of
West Kordofan,?,?,Part of,Part of
Mahabad,Part of,Part of,Part of,Part of
Iranian Azerbaijan,Part of,Part of,Part of,Part of
Gilan,Part of,Part of,Part of,Part of
Khuzestan,Part of,Part of,Part of,Part of
Bushire,Part of,Part of,Part of,Part of
Bandar Abbas,Leased to,Part of,Part of,Part of
Kharg I.,Part of,Part of,Part of,Part of
Cilicia,Part of,Part of,Part of,Part of
Western Anatolia,Part of,Part of,Part of,Part of
Hatay (Alexandretta),?,Part of,Part of,Part of
Adalia,Part of,Part of,Part of,Part of
Dardanelles-Istanbul,Part of,Part of,Part of,Part of
Iraq-Saudi Arabia Neutral Zone,?,Claimed by,Neutral or demilitarized zone of,?
Iraq Occupation Zone,?,Part of,Part of,Part of
Iraq-Kuwait Demilitarized Zone,?,Part of,Part of,Neutral or demilitarized zone of
Kurdistan Occupation Zone,?,Part of,Part of,Dependency of
Gaza,Part of,Part of,Occupied by,?
Sinai,Part of,Part of,Part of,Part of
Sinai Demilitarized Zones,?,?,Occupied by,Part of
Suez Canal Zone,Part of,Part of,Occupied by,Part of
Golan Heights,Part of,Part of,Part of,Occupied by
Golan Heights Demilitarized Zone,?,?,Occupied by,Neutral or demilitarized zone of
Rouad I.,Part of,Part of,Part of,Part of
Damascus,Part of,Part of,Part of,Part of
Aleppo,Part of,Part of,Part of,Part of
Latakia (Alaouites),Part of,Part of,Part of,Part of
Jebel Druze,?,Mandated to,Part of,Part of
South Lebanon Security Zone (Free State of South Lebanon),?,Part of,Part of,Part of
West Bank,?,Part of,Occupied by,Occupied by
Israel-Jordan Neutral Zone,?,Part of,Neutral or demilitarized zone of,Part of
Al Auja,?,Part of,Neutral or demilitarized zone of,Part of
Socotra I.,Possession of,Possession of,Possession of,Possession of
Federation of South Arabia,?,?,Protectorate of,?
Perim I.,Discovered,Possession of,Part of,?
Federation of Arab Emirates of the South,?,?,Protectorate of,?
West Aden Protectorate,?,Protectorate of,Protectorate of,?
East Aden Protectorate,?,Protectorate of,Protectorate of,?
Lahej,Sovereign (unrecognized),Part of,Part of,?
Aqrabi,Sovereign (unrecognized),Sovereign (unrecognized),Part of,?
Dhala,Sovereign (unrecognized),Sovereign (unrecognized),Part of,?
Radfan,Unknown,Unknown,Part of,?
Alawi,Protectorate of,Part of,Part of,?
Haushabi,Sovereign (unrecognized),Sovereign (unrecognized),Part of,?
Maflahi,Part of,Part of,Part of,?
Shaibi,Sovereign (unrecognized),Part of,Part of,?
Upper Yafai,Unknown,Unknown,Part of,?
Lower Yafai,Unknown,Unknown,Part of,?
Fadhli,Sovereign (unrecognized),Sovereign (unrecognized),Part of,?
Beihan,Sovereign (unrecognized),Part of,Part of,?
Audhali,Unknown,Unknown,Part of,?
Upper Aulaqi (Sultanate),Unknown,Unknown,Part of,?
Upper Aulaqi (Sheikhdom),Unknown,Unknown,Part of,?
Lower Aulaqi,Unknown,Unknown,Part of,?
Dathina Confederation,Unknown,Part of,Part of,?
Wahidi,Unknown,Part of,Part of,?
Haura,Unknown,Unknown,Part of,?
Irqa,Unknown,Unknown,Part of,?
Kathiri of Seiyun,Sovereign (unrecognized),Sovereign (unrecognized),Part of,?
Quaiti of Shihr and Mukalla,Sovereign (unrecognized),Sovereign (unrecognized),Part of,?
Mahri of Qishn and Socotra,Sovereign (unrecognized),Sovereign (unrecognized),Part of,?
Neutral Zone (Kuwait-Saudi Arabia),?,Claimed by,Neutral or demilitarized zone of,Part of
Buraimi Neutral Zone,Part of,Part of,Claimed by,Part of
Abu Dhabi,Unknown,Part of,Part of,Part of
Dubai,Part of,Part of,Part of,Part of
Sharjah,Part of,Part of,Part of,Part of
Kalba,Part of,Part of,Part of,Part of
Ajman,Part of,Part of,Part of,Part of
Umm al Qawain,Part of,Part of,Part of,Part of
Ras al Khaimah,Part of,Part of,Part of,Part of
Fujairah,Part of,Protectorate of,Protectorate of,Part of
Abu Dhabi-Dubai Neutral Zone,?,?,Neutral or demilitarized zone of,Part of
Abu Musa I.,Part of,Part of,Part of,Part of
Inner Oman,Part of,Part of,Part of,Part of
Kuria Muria Is.,Part of,Possession of,Possession of,Part of
Oman-Sharjah Neutral Zone,Part of,Part of,Part of,Neutral or demilitarized zone of
Kabul,Part of,Part of,Part of,Part of
Kandahar,Part of,Part of,Part of,Part of
Herat,Part of,Part of,Part of,Part of
Badakhshan,Part of,Part of,Part of,Part of
Kokand,Sovereign (unrecognized),Part of,Part of,Part of
Bokhara,Sovereign (unrecognized),Protectorate of,Part of,Part of
Gorno Badakhshan,?,Claimed by,Part of,Dependency of
Khiva,Sovereign (unrecognized),Protectorate of,Part of,Part of
Karakalpakstan,Part of,Part of,Part of,Dependency of
Kazakh Lesser Horde,Protectorate of,Part of,Part of,Part of
Kazakh Middle Horde,Protectorate of,Part of,Part of,Part of
Kazakh Horde of Bukey,Unknown,Part of,Part of,Part of
Kazakh Greater Horde,Protectorate of,Part of,Part of,Part of
Spratley Is.,Discovered,Discovered,Occupied by,Occupied by
Ping-nan,Part of,Part of,Part of,Part of
Jungaria,Part of,Part of,Part of,Part of
Kashgar,Part of,Part of,Part of,Part of
Kwangtung Territory,Part of,Part of,Occupied by,Part of
Weihaiwei,Part of,Part of,Part of,Part of
Tientsin (Tianjin),Part of,Leased to,Part of,Part of
Anhwei-Fukien,Part of,Part of,?,?
Yangtze Valley,Part of,Part of,Part of,Part of
Yunnan,Part of,Part of,Part of,Part of
Kwanchowan,Part of,Part of,Part of,Part of
Manchuria,Part of,Part of,Part of,Part of
Szechwan (Sichuan),Part of,Part of,Part of,Part of
Chinghai (Tsinghai),Part of,Part of,Part of,Part of
Xinjiang (Sinkiang),Part of,Part of,Part of,Dependency of
Provisional Government of the Republic of China,?,Occupied by,?,?
Reformed Government of China,?,Occupied by,?,?
Reorganized National Government of the Republic of China,?,Occupied by,?,?
Ningxia,Part of,Part of,Part of,Dependency of
Inner Mongolia,Part of,Part of,Dependency of,Dependency of
Kiauchau,Part of,Part of,Part of,Part of
Shangai,Part of,Leased to,Part of,Part of
Beijing,Part of,Leased to,Part of,Part of
Gulangyu (Kulangsu),Part of,Part of,Part of,Part of
Guangzhou (Canton),Part of,Leased to,Part of,Part of
Hankou,Part of,Leased to,Part of,?
Kunming,Part of,Part of,Part of,Part of
Xiamen (Amoy),Part of,Leased to,Part of,Part of
Chongqing,Part of,Part of,Part of,Part of
Suzhou,Part of,Part of,Part of,Part of
Hangzhou,Part of,Part of,Part of,Part of
"Shashi, Jingzhou",Part of,Part of,Part of,Part of
Dalian,Part of,Part of,Occupied by,Part of
Harbin,Part of,Part of,Leased to,Part of
Lüshun Port (Port Arthur),Part of,Part of,Occupied by,Part of
Liugong I.,Part of,Part of,Part of,Part of
Jiujiang,Part of,Leased to,Part of,Part of
Zhenjiang,Part of,Leased to,Part of,Part of
Diaoyu (Senkaku) Is.,Discovered,Discovered,Occupied by,Possession of
Port Hamilton (Komundo),Part of,Occupied by,?,?
Kaesong,Part of,Part of,Part of,Dependency of
Sinuiju,Part of,Part of,Part of,Dependency of
Kumgangsan,Part of,Part of,Part of,Dependency of
Korean Demilitarized Zone,?,Part of,Part of,Neutral or demilitarized zone of
Southern Sakhalin I.,Discovered,Part of,Part of,Part of
Vladivostok,Part of,Part of,Part of,Part of
Tuvan People's Republic,Part of,Part of,Part of,Part of
Takeshima (Dokdo) I.,?,Part of,Part of,Occupied by
Bonin Is.,Discovered,Part of,Occupied by,Part of
Volcano Is.,Discovered,Discovered,Occupied by,Part of
Marcus I.,Discovered,Discovered,Occupied by,Part of
Parece Vela I.,Discovered,Discovered,Occupied by,Part of
Tsushima Is.,Part of,Part of,Part of,Part of
Andaman and Nicobar Is.,Part of,Part of,Occupied by,Part of
Andaman Is.,Colony of,Part of,Part of,Part of
Nicobar Is.,Part of,Part of,Part of,Part of
Coromandel Coast Posts,Occupied by,Part of,Part of,Part of
Tranquebar and Serampore,Colony of,Part of,Part of,Part of
Hyderabad,Vassal of,Vassal of,Part of,Part of
Malabar Coast,Part of,Part of,Part of,Part of
Kashmir,Part of,Vassal of,Part of,Part of
Bikaner,Vassal of,Vassal of,Part of,Part of
Jaipur,Sovereign (unrecognized),Vassal of,Part of,Part of
Udaipur,Part of,Vassal of,Part of,Part of
Kishangarh,Sovereign (unrecognized),Vassal of,Part of,Part of
Lawa,Part of,Vassal of,Part of,Part of
Jodhpur,Sovereign (unrecognized),Vassal of,Part of,Part of
Jaisalmer,Sovereign (unrecognized),Vassal of,Part of,Part of
Dholpur,Part of,Part of,Part of,Part of
Karauli,Part of,Vassal of,Part of,Part of
Kotah,Sovereign (unrecognized),Vassal of,Part of,Part of
Banswara,Sovereign (unrecognized),Vassal of,Part of,Part of
Dungarpur,Sovereign (unrecognized),Vassal of,Part of,Part of
Dartabgarh,Part of,Part of,Part of,Part of
Kushalgar,Unknown,Part of,Part of,Part of
Bundi,Vassal of,Vassal of,Part of,Part of
Tonk,Part of,Vassal of,Part of,Part of
Pratapgarh,Unknown,Vassal of,Part of,Part of
Shahpura,Unknown,Vassal of,Part of,Part of
Kathiawar,Vassal of,Vassal of,Part of,Part of
Holkar (Indore),Part of,Vassal of,Vassal of,Part of
Bhopal,Part of,Vassal of,Part of,Part of
Dhar,Part of,Vassal of,Part of,Part of
Dewas,Part of,Vassal of,Part of,Part of
Taraon,Part of,Part of,Part of,Part of
Samptar (Datia),Vassal of,Vassal of,Unknown,Part of
Rewa,Vassal of,Vassal of,Part of,Part of
Sawantwadi,Vassal of,Vassal of,Part of,Part of
Bilaspur,Vassal of,Vassal of,Part of,Part of
Loharu,Vassal of,Vassal of,Part of,Part of
Malerkotla,Vassal of,Vassal of,Part of,Part of
Sirmur,Vassal of,Vassal of,Part of,Part of
Suket,Vassal of,Vassal of,Part of,Part of
Garwahl,Vassal of,Vassal of,Part of,Part of
Bagelkhand,Vassal of,Vassal of,?,?
Bundelkhand,Vassal of,Vassal of,Part of,Part of
Malwa,Part of,Part of,Part of,Part of
Khairpur,Sovereign (unrecognized),Vassal of,Part of,Part of
Idar,Vassal of,Vassal of,Part of,Part of
Saugor,Part of,Part of,Part of,Part of
Damoh,Part of,Part of,Part of,Part of
Berar,Part of,Part of,Part of,Part of
Khandesh,Part of,Part of,Part of,Part of
Nasik,Part of,Part of,Part of,Part of
Ahmadnagar,Part of,Part of,Part of,Part of
Poona,Part of,Part of,Part of,Part of
Sholapur,Part of,Part of,Part of,Part of
Ratnagiri,Part of,Part of,Part of,Part of
Bijapur,Part of,Part of,Part of,Part of
Travancore,Part of,Part of,Part of,Part of
Junagadh,Vassal of,Vassal of,Part of,Part of
Sirohi,Sovereign (unrecognized),Part of,Part of,Part of
Assam,Sovereign (unrecognized),Part of,Part of,Part of
Kapurthala,Vassal of,Vassal of,Part of,Part of
Chota Nagpur,Vassal of,Vassal of,Part of,Part of
Kodagu (Coorg),Vassal of,Part of,Part of,Part of
Karnal,Part of,Part of,Part of,Part of
Sambalpur,Part of,Vassal of,Part of,Part of
Satara,Unknown,Part of,Part of,Part of
Gwalior (Sindhia),Vassal of,Vassal of,Part of,Part of
Jhansi,Vassal of,Part of,Part of,Part of
Rampur,Vassal of,Vassal of,Part of,Part of
Jubbulpore,Part of,Part of,Part of,Part of
Balaghat,Part of,Part of,Part of,Part of
Nagpur,Part of,Part of,Part of,Part of
Oudh,Vassal of,Part of,?,?
Manipur,Occupied by,Vassal of,Part of,Part of
Baluchistan (Kalat),Sovereign (unrecognized),Vassal of,Vassal of,Part of
Maratha Empire,Sovereign (unrecognized),?,?,?
Goa,Part of,Part of,Part of,Part of
Diu,Part of,Part of,Part of,Part of
Daman,Part of,Part of,Part of,Part of
Dadra,Part of,Part of,Part of,Part of
Nagar Haveli,Part of,Part of,Part of,Part of
Lahore (Sikh Empire),Sovereign (unrecognized),Part of,Part of,Part of
Peshawar,Part of,Part of,Part of,Part of
Sindh,Sovereign (unrecognized),Part of,Part of,Part of
Bahawalpur,Sovereign (unrecognized),Vassal of,Vassal of,Part of
Swat,Vassal of,Vassal of,Vassal of,?
Hunza,Sovereign (unrecognized),Vassal of,Vassal of,?
Nagar,Sovereign (unrecognized),Sovereign (unrecognized),Vassal of,?
Chitral,Sovereign (unrecognized),Sovereign (unrecognized),Vassal of,?
Dir,Unknown,Unknown,Vassal of,?
Amb,Sovereign (unrecognized),Vassal of,Vassal of,?
Gwadar,Possession of,Possession of,Possession of,Part of
Azad Kashmir,Part of,Part of,Protectorate of,Protectorate of
Gilgit Baltistan (Northern Areas),Sovereign (unrecognized),Part of,Protectorate of,Protectorate of
Tin Bigha,?,Part of,Part of,Leased to
Bawlake,Part of,Part of,Part of,Part of
Kyebogyi,Part of,Part of,Part of,Part of
Naungpale,Part of,Part of,Part of,Part of
Nammekon,Part of,Part of,Part of,Part of
Hsenwi,Vassal of,Vassal of,?,?
Hsipaw,Vassal of,Vassal of,Part of,Part of
Tawngpeng,Vassal of,Vassal of,Part of,Part of
North Hsenwi,?,Protectorate of,Part of,Part of
South Hsenwi,?,Protectorate of,Part of,Part of
Mang Lon,Vassal of,Vassal of,Part of,Part of
Hsamonghkam,Vassal of,Vassal of,Part of,Part of
Kyawkku,Vassal of,Vassal of,?,?
Kyong,Vassal of,Protectorate of,Part of,Part of
Loi Ai,Part of,Part of,?,?
Loi Long,Vassal of,Vassal of,Part of,Part of
Loi Maw,Part of,Part of,Part of,Part of
Maw,Vassal of,Vassal of,?,?
Mawnang,Part of,Part of,Part of,Part of
Mawson,Part of,Part of,Part of,Part of
Namhkam,Part of,Part of,Part of,Part of
Namtok,Vassal of,Vassal of,Part of,Part of
Pangmi,Vassal of,Vassal of,Part of,Part of
Pangtara,Vassal of,Vassal of,Part of,Part of
Pwehla,Vassal of,Vassal of,Part of,Part of
Yengan,Vassal of,Vassal of,Part of,Part of
Yawnghwe,Vassal of,Vassal of,Part of,Part of
Lawksawk,Vassal of,Protectorate of,Part of,Part of
Wanyin,Vassal of,Vassal of,Part of,Part of
Samka,Vassal of,Vassal of,Part of,Part of
Hsahtung,Vassal of,Vassal of,Part of,Part of
Hopong,Vassal of,Vassal of,Part of,Part of
Namhkok,Vassal of,Vassal of,Part of,Part of
Mong Pai,Vassal of,Vassal of,Part of,Part of
Nawng Wawn,Vassal of,Vassal of,Part of,Part of
Sa-koi,Vassal of,Vassal of,Part of,Part of
Lai Hka,Part of,Part of,Part of,Part of
Mong Kung,Vassal of,Vassal of,Part of,Part of
Mong Nai,Vassal of,Vassal of,Part of,Part of
Mawkmai,Vassal of,Vassal of,Part of,Part of
Mong Pawn,Vassal of,Vassal of,Part of,Part of
Mong Sit,Vassal of,Vassal of,Part of,Part of
Mong Pan,Vassal of,Vassal of,Part of,Part of
Kenghkam,Vassal of,?,?,?
Mong Nawng,Part of,Vassal of,Part of,Part of
Kehsi Mansam,Part of,Vassal of,Part of,Part of
Keng Lon,Part of,Vassal of,?,?
Mong Hsu,Vassal of,Vassal of,Part of,Part of
Keng Tung,Vassal of,Vassal of,Part of,Part of
Hsawnghsup,Vassal of,Vassal of,Part of,Part of
Singkaling Hkamti,Vassal of,Vassal of,Part of,Part of
Mong Mit,Vassal of,Vassal of,Part of,Part of
Hkamti Long,Vassal of,Vassal of,Part of,Part of
Western Karenni,Unknown,Protectorate of,Part of,Part of
Kantarawadi (Eastern Karenni),Unknown,Protectorate of,Part of,Part of
Jaffna Peninsula,?,Part of,Part of,?
Tibet,Part of,Part of,Sovereign (unrecognized),Dependency of
Chiang Mai (Lan-na),Part of,Part of,Part of,Part of
Patani,Vassal of,Vassal of,?,?
Vientiane,Part of,Part of,Part of,Part of
Luang Prabang (Lan Sang),Part of,Part of,Part of,Part of
Xiangkhouang,Part of,Part of,Part of,Part of
Champasak,Vassal of,Vassal of,?,?
Cochin China,Part of,Colony of,Part of,?
Annam,Part of,Protectorate of,Part of,?
Tonkin,Part of,Protectorate of,Part of,?
Paracel Is.,Claimed by,Claimed by,Claimed by,Occupied by
Perak,Sovereign (unrecognized),Colony of,Part of,Part of
Selangore,Sovereign (unrecognized),Colony of,Part of,Part of
Pahang,Sovereign (unrecognized),Sovereign (unrecognized),Part of,Part of
Negeri Sembilan,Vassal of,Colony of,Part of,Part of
Seremban (Songei Ujong),Part of,Part of,Part of,Part of
Rembau,Unknown,Unknown,Part of,Part of
Seri Menanti,Unknown,Part of,Part of,Part of
Ulu Muar,Part of,Part of,Part of,Part of
Jempol,Unknown,Part of,Part of,Part of
Johol,Unknown,Part of,Part of,Part of
Tampin,Part of,Unknown,Part of,Part of
Manjung (Dindings),Part of,Colony of,Part of,Part of
Johore,Sovereign (unrecognized),Sovereign (unrecognized),Part of,Part of
Kedah,Part of,Part of,Part of,Part of
Kelantan,Claimed by,Claimed by,Part of,Part of
Perlis,Part of,Sovereign (unrecognized),Part of,Part of
Trengganu,Part of,Part of,Part of,Part of
Labuan I.,Part of,Colony of,Part of,Part of
Malacca,Occupied by,Part of,Part of,Part of
Penang,Possession of,Part of,Part of,Part of
Sulu Sultanate,Sovereign (unrecognized),Protectorate of,Part of,Part of
Bohol,Discovered,Part of,Part of,Part of
Mindanao,Part of,Part of,Part of,Dependency of
Bali,Sovereign (unrecognized),Sovereign (unrecognized),Part of,Part of
Buleleng,Sovereign (unrecognized),Part of,Part of,Part of
Jembrana,Sovereign (unrecognized),Part of,Part of,Part of
Lombok,Sovereign (unrecognized),Sovereign (unrecognized),Part of,Part of
Banjarmasin,Protectorate of,?,?,?
Kutai,Sovereign (unrecognized),Part of,Part of,Part of
Lanfang,Vassal of,?,?,?
Bulungan,Vassal of,Vassal of,Part of,?
Pontianak,Part of,Part of,Dissolved into,?
Sambas,Sovereign (unrecognized),Part of,Part of,?
Belitung (Billiton),Possession of,Part of,Part of,Part of
Aceh,Sovereign (unrecognized),Sovereign (unrecognized),?,?
Riau,Occupied by,Part of,Part of,Part of
Siak Sri Indrapura,Sovereign (unrecognized),Sovereign (unrecognized),Part of,Part of
Minangkabau (Pagaruyung),Occupied by,?,?,?
Mandailing,Unknown,?,?,?
Jambi,Sovereign (unrecognized),Sovereign (unrecognized),?,?
Palembang,Sovereign (unrecognized),?,?,?
Tapanuli (Angkola),Unknown,Part of,Part of,Part of
Lampung,Part of,Part of,Part of,Part of
Bengkulu (Bencoolen),Part of,Part of,Part of,Part of
Deli,Vassal of,Part of,?,?
Yogyakarta,Sovereign (unrecognized),Protectorate of,Part of,Part of
Surakarta,Sovereign (unrecognized),Sovereign (unrecognized),Part of,Part of
Ternate,Occupied by,Vassal of,Part of,Part of
South Maluku,?,?,Sovereign (unrecognized),?
Toraja,Discovered,Discovered,Part of,Part of
Bone,Sovereign (unrecognized),Sovereign (unrecognized),Part of,Part of
Gowa,Sovereign (unrecognized),Sovereign (unrecognized),Part of,Part of
Luwu,Sovereign (unrecognized),Part of,Part of,Part of
Buton,Sovereign (unrecognized),Sovereign (unrecognized),Sovereign (unrecognized),?
Christmas I.,Discovered,Discovered,Part of,Dependency of
Cocos (Keeling) Is.,Unknown,Part of,Part of,Dependency of
Coral Sea Is.,Discovered,Discovered,Part of,Dependency of
Norfolk I.,Colony of,Colony of,Colony of,Dependency of
Heard and McDonald Is.,Possession of,Possession of,Dependency of,Dependency of
Macquarie I.,Possession of,Possession of,Possession of,Possession of
Lord Howe I.,Possession of,Possession of,Possession of,Possession of
Ashmore and Cartier Is,Discovered,Possession of,Possession of,Dependency of
Torres Strait Is.,Discovered,Part of,Part of,Part of
Bougainville (Republic of the North Solomons),Discovered,Discovered,Part of,Part of
Tokelau Is.,Discovered,Protectorate of,Colony of,Colony of
Kermadec Is.,Discovered,Possession of,Possession of,Possession of
Chatham Is.,Claimed by,Possession of,Possession of,Possession of
Bounty Is.,Discovered,Discovered,Possession of,Possession of
Auckland Is.,Claimed by,Possession of,Possession of,Possession of
Campbell I.,Possession of,Possession of,Possession of,Possession of
Rarotonga,Part of,Part of,Part of,Part of
Northern Cook Is.,Discovered,Discovered,Possession of,Possession of
Niue I.,Sovereign (unrecognized),Sovereign (unrecognized),Colony of,Associated state of
Chesterfield Is.,Discovered,Part of,Part of,Part of
Wallis and Futuna Is.,?,Protectorate of,Protectorate of,Dependency of
Uvea,Sovereign (unrecognized),Sovereign (unrecognized),Part of,Part of
Tua (Singave),Discovered,Discovered,Part of,Part of
Alo (Futuna),Sovereign (unrecognized),Sovereign (unrecognized),Part of,Part of
Vemarana (Espiritu Santo),Discovered,Discovered,Part of,Part of
German Solomon Is.,Discovered,Part of,?,?
Banaba I. (Ocean I.),Discovered,Discovered,Part of,Part of
Christmas Is.,Discovered,Possession of,Part of,Part of
Fanning I.,Discovered,Discovered,Part of,Part of
Teraina (Washington I.),Discovered,Claimed by,Part of,Part of
Canton and Enderbury Is.,?,Possession of,Possession of,?
Malden I.,Discovered,Claimed by,Claimed by,Part of
Starbuck I.,Discovered,Claimed by,Claimed by,Part of
Vostok I.,Discovered,Claimed by,Claimed by,Part of
Flint I.,Discovered,Claimed by,Claimed by,Part of
Caroline I.,Discovered,Claimed by,Claimed by,Part of
Phoenix Is.,Discovered,Discovered,Dependency of,Part of
Rotuma I.,Discovered,Part of,Part of,Part of
Vava'u,Sovereign (unrecognized),Part of,Part of,Part of
Tongatapu,Sovereign (unrecognized),Part of,Part of,Part of
Ha'apai,Discovered,Part of,Part of,Part of
Society Is.,Protectorate of,Colony of,Part of,Part of
Marquesas Is.,Discovered,Colony of,Part of,Part of
Tuamotu Is.,Discovered,Colony of,Part of,Part of
Gambier Is.,Sovereign (unrecognized),Protectorate of,Part of,Part of
Tubuai Is. (Austral Is.),Discovered,Colony of,Part of,Part of
Tahiti,Sovereign (unrecognized),Part of,Part of,Part of
Clipperton I.,Discovered,Occupied by,Possession of,Dependency of
Pitcairn Is.,Discovered,Colony of,Colony of,Colony of
Ducie I.,Claimed by,Claimed by,Part of,Part of
Wake I.,Discovered,Discovered,Dependency of,Dependency of
Midway Is.,Dependency of,Dependency of,Dependency of,Dependency of
Palmyra Is.,Discovered,Part of,Part of,Dependency of
Johnston I.,Discovered,Claimed by,Dependency of,Dependency of
Kingman Reef,Discovered,Claimed by,Dependency of,Dependency of
Howland I.,Discovered,Claimed by,Dependency of,Dependency of
Baker I.,Discovered,Claimed by,Dependency of,Dependency of
Jarvis I.,Discovered,Claimed by,Dependency of,Dependency of
Caroline Is.,Part of,Colony of,?,?
Mariana Is.,Part of,Colony of,?,?
Bismarck Archipelago (New Britain) (Neupommern),Discovered,Part of,Part of,Part of
Samoa,Sovereign (unrecognized),Sovereign (unrecognized),?,?
Australian Antarctic Territory,Claimed by,Claimed by,Claimed by,Dependency of
French and Southern Antarctic Territories (F.S.A.T.),?,?,Dependency of,Dependency of
Adelie Land,Claimed by,Claimed by,Claimed by,Part of
St. Paul and New Amsterdam Is.,Discovered,Possession of,Possession of,Part of
Kerguelen Is.,Discovered,Discovered,Possession of,Part of
Crozet Is.,Possession of,Possession of,Possession of,Part of
British Antarctic Territory,?,?,Possession of,Dependency of
Palmer Antarctic Territory,?,Claimed by,Claimed by,Part of
South Orkney Is.,Possession of,Part of,Part of,Part of
South Shetland Is.,Possession of,Part of,Part of,Part of
South Sandwich Is.,Possession of,Possession of,Claimed by,Part of
Argentine Antarctica,?,Claimed by,Claimed by,Claimed by
Chilean Antarctica,?,Claimed by,Claimed by,Claimed by
Neu Schwabenland,?,Claimed by,?,?
Peter I I.,?,Dependency of,Dependency of,Dependency of
Queen Maud Land,?,Dependency of,Dependency of,Dependency of
Bouvet I.,Discovered,Discovered,Dependency of,Dependency of
Ross Dependency,Discovered,Discovered,Dependency of,Dependency of
Concessions in China,International,International,?,?
Inter-Allied Commission of Control,?,International,?,?
North-Western Territory,Possession of,?,?,?
Northwest Territories,Part of,Part of,Part of,Part of
Alberta,Part of,Part of,Part of,Part of
Saskatchewan,Part of,Part of,Part of,Part of
Manitoba,Part of,Part of,Part of,Part of
Yukon,?,Part of,Part of,Part of
Nunavut,?,?,Part of,Part of
Labrador,Claimed by,Claimed by,Part of,Part of
Haut-Katanga,?,?,Part of,Part of
Tanganyika,?,?,Part of,Part of
Lualaba,?,?,Part of,Part of
Haut-Lomani,?,?,Part of,Part of
Balearic Islands,Part of,Part of,Part of,Part of
