GPH_code,GPH_name,continent,wikidata,wikidata_alt1,wikidata_alt2,wikidata_alt3,notes
0,League of Nations,World,https://www.wikidata.org/wiki/Q38130,,,,
1,United Nations,World,https://www.wikidata.org/wiki/Q1065,,,,
2,United States of America,America,http://www.wikidata.org/entity/Q30,,,,
3,Alaska,America,http://www.wikidata.org/entity/Q797,,,,
4,Hawaii (Sandwich Is.),Oceania,http://www.wikidata.org/entity/Q782,,,,
5,Virgin Islands,America,http://www.wikidata.org/entity/Q11703,,,,
6,Puerto Rico,America,http://www.wikidata.org/entity/Q1183,,,,
7,Texas,America,http://www.wikidata.org/entity/Q1439,,,,
10,Greenland,America,http://www.wikidata.org/entity/Q223,,,,
11,Faeroe Is.,America,http://www.wikidata.org/entity/Q4628,,,,
20,Canada (Province of Canada),America,http://www.wikidata.org/entity/Q16,,,,
21,Newfoundland and Labrador (Newfoundland),America,http://www.wikidata.org/entity/Q2003,,,,
30,Bermuda,America,http://www.wikidata.org/entity/Q23635,,,,
31,Bahamas,America,http://www.wikidata.org/entity/Q778,,,,
40,Cuba,America,http://www.wikidata.org/entity/Q241,,,,
41,Haiti,America,http://www.wikidata.org/entity/Q790,,,,
42,Dominican Republic (Santo Domingo),America,http://www.wikidata.org/entity/Q786,,,,
50,West Indies Federation,America,http://www.wikidata.org/entity/Q652560,,,,
51,Jamaica,America,http://www.wikidata.org/entity/Q766,,,,
52,Trinidad and Tobago,America,http://www.wikidata.org/entity/Q754,,,,
53,Barbados,America,http://www.wikidata.org/entity/Q244,,,,
54,Dominica,America,http://www.wikidata.org/entity/Q784,,,,
55,Grenada,America,http://www.wikidata.org/entity/Q769,,,,
56,St. Lucia,America,http://www.wikidata.org/entity/Q760,,,,
57,St. Vincent and the Grenadines,America,http://www.wikidata.org/entity/Q757,,,,
58,Antigua and Barbuda,America,http://www.wikidata.org/entity/Q781,,,,
59,Montserrat,America,http://www.wikidata.org/entity/Q13353,,,,
60,St. Kitts-Nevis,America,http://www.wikidata.org/entity/Q763,,,,
65,Guadeloupe,America,http://www.wikidata.org/entity/Q17012,,,,
66,Martinique,America,http://www.wikidata.org/entity/Q17054,,,,
68,Netherlands Antilles,America,http://www.wikidata.org/entity/Q25227,,,,
70,Mexico,America,http://www.wikidata.org/entity/Q96,,,,
80,Belize (British Honduras),America,http://www.wikidata.org/entity/Q242,,,,
89,United States of Central America,America,http://www.wikidata.org/entity/Q190025,,,,
90,Guatemala,America,http://www.wikidata.org/entity/Q774,,,,
91,Honduras,America,http://www.wikidata.org/entity/Q783,,,,
92,El Salvador,America,http://www.wikidata.org/entity/Q792,,,,
93,Nicaragua,America,http://www.wikidata.org/entity/Q811,,,,
94,Costa Rica,America,http://www.wikidata.org/entity/Q800,,,,
95,Panama,America,http://www.wikidata.org/entity/Q804,,,,
96,Panama Canal Zone,America,http://www.wikidata.org/entity/Q498979,,,,
100,Colombia (Gran Colombia) (New Granada),America,http://www.wikidata.org/entity/Q739,,,,
101,Venezuela,America,http://www.wikidata.org/entity/Q717,,,,
110,Guyana (British Guiana),America,http://www.wikidata.org/entity/Q734,,,,
115,Surinam (Dutch Guiana),America,http://www.wikidata.org/entity/Q730,,,,
120,French Guiana,America,http://www.wikidata.org/entity/Q3769,,,,
130,Ecuador,America,http://www.wikidata.org/entity/Q736,,,,
135,Peru,America,http://www.wikidata.org/entity/Q419,,,,
136,Bolivia-Peru Confederation,America,http://www.wikidata.org/entity/Q899706,,,,
140,Brazil,America,http://www.wikidata.org/entity/Q155,,,,
145,Bolivia,America,http://www.wikidata.org/entity/Q750,,,,
150,Paraguay,America,http://www.wikidata.org/entity/Q733,,,,
155,Chile,America,http://www.wikidata.org/entity/Q298,,,,
160,Argentina (Río de la Plata),America,http://www.wikidata.org/entity/Q414,https://www.wikidata.org/wiki/Q738144,,,
165,Uruguay,America,http://www.wikidata.org/entity/Q77,,,,
200,United Kingdom,Europe,http://www.wikidata.org/entity/Q145,,,,
205,Ireland,Europe,http://www.wikidata.org/entity/Q27,,,,
210,Netherlands,Europe,http://www.wikidata.org/entity/Q55,,,,
211,Belgium,Europe,http://www.wikidata.org/entity/Q31,,,,
212,Luxemburg,Europe,http://www.wikidata.org/entity/Q32,,,,
220,France,Europe,http://www.wikidata.org/entity/Q142,,http://www.wikidata.org/entity/Q899706,,
221,Monaco,Europe,http://www.wikidata.org/entity/Q235,,,,
223,Liechtenstein,Europe,http://www.wikidata.org/entity/Q347,,,,
225,Switzerland,Europe,http://www.wikidata.org/entity/Q39,,,,
230,Spain,Europe,http://www.wikidata.org/entity/Q29,,,,
231,Gibraltar,Europe,http://www.wikidata.org/entity/Q1410,,,,
232,Andorra,Europe,http://www.wikidata.org/entity/Q228,,,,
235,Portugal,Europe,http://www.wikidata.org/entity/Q45,,,,
239,Prussia,Europe,http://www.wikidata.org/entity/Q27306,http://www.wikidata.org/entity/Q38872,,,
240,Hanover,Europe,http://www.wikidata.org/entity/Q1715,,,,
241,Anhalt Dessau,Europe,http://www.wikidata.org/entity/Q278874,,,,
242,Anhalt Köthen,Europe,http://www.wikidata.org/entity/Q264970,,,,
243,Anhalt Bernburg,Europe,http://www.wikidata.org/entity/Q686965,,,,
244,Brunswick,Europe,http://www.wikidata.org/entity/Q326029,,,,
245,Bavaria,Europe,http://www.wikidata.org/entity/Q980,,,,
246,Bremen,Europe,http://www.wikidata.org/entity/Q1209,,,,
247,Frankfurt,Europe,http://www.wikidata.org/entity/Q1794,,,,
248,Hamburg,Europe,http://www.wikidata.org/entity/Q1055,,,,
249,Saxony Anhalt (Anhalt),Europe,http://www.wikidata.org/entity/Q16550783,http://www.wikidata.org/entity/Q27916627,http://www.wikidata.org/entity/Q1206,,
250,Hohenzollern Hechingen,Europe,http://www.wikidata.org/entity/Q673865,,,,
251,Hohenzollern Sigmaringen,Europe,http://www.wikidata.org/entity/Q157013,,,,
252,Lippe,Europe,http://www.wikidata.org/entity/Q14551680,,,,
253,Mecklenburg Strelitz,Europe,http://www.wikidata.org/entity/Q161215,,,,
254,Nassau,Europe,http://www.wikidata.org/entity/Q836680,,,,
255,Germany (Zollverein),Europe,http://www.wikidata.org/entity/Q183,https://www.wikidata.org/wiki/Q155707,,,
256,Saar,Europe,http://www.wikidata.org/entity/Q1201,,,,
257,Oldenburg,Europe,http://www.wikidata.org/entity/Q693669,,,,
258,"Reuss, Older Line",Europe,http://www.wikidata.org/entity/Q531783,,,,
259,"Reuss, Younger Line",Europe,http://www.wikidata.org/entity/Q639100,,,,
260,German Federal Republic,Europe,http://www.wikidata.org/entity/Q713750,,,,
261,Saxe Weimar,Europe,http://www.wikidata.org/entity/Q315667,,,,
262,Saxe Altenburg,Europe,http://www.wikidata.org/entity/Q158151,,,,
263,Saxe Gotha Altenburg,Europe,http://www.wikidata.org/entity/Q675085,,,,
264,Saxe Coburg and Gotha,Europe,http://www.wikidata.org/entity/Q3462133,,,,
265,German Democratic Republic,Europe,http://www.wikidata.org/entity/Q16957,,,,
266,Saxe Meiningen,Europe,http://www.wikidata.org/entity/Q157710,,,,
267,Baden,Europe,http://www.wikidata.org/entity/Q186320,,,,
268,Schwarzburg Sondershausen,Europe,http://www.wikidata.org/entity/Q630163,,,,
269,Saxony,Europe,http://www.wikidata.org/entity/Q1202,,,,
270,Schwarzburg Rudolstadt,Europe,http://www.wikidata.org/entity/Q695316,,,,
271,Wuerttemberg,Europe,http://www.wikidata.org/entity/Q159631,,,,
272,Waldeck,Europe,http://www.wikidata.org/entity/Q165763,,,,
273,Hesse Electoral,Europe,http://www.wikidata.org/entity/Q529605,,,,
274,Schaumburg Lippe,Europe,http://www.wikidata.org/entity/Q310650,,,,
275,Hesse Grand Ducal,Europe,http://www.wikidata.org/entity/Q20135,,,,
276,Lübeck,Europe,http://www.wikidata.org/entity/Q2843,,,,
280,Mecklenburg Schwerin,Europe,http://www.wikidata.org/entity/Q158445,,,,
281,Mecklenburg,Europe,http://www.wikidata.org/entity/Q109057,,,,
282,Mecklenburg Vorpommern,Europe,http://www.wikidata.org/entity/Q1196,,,,
290,Poland,Europe,http://www.wikidata.org/entity/Q36,,,,
291,Danzig,Europe,http://www.wikidata.org/entity/Q1792,,http://www.wikidata.org/entity/Q899706,,
300,Austria-Hungary,Europe,http://www.wikidata.org/entity/Q28513,,,,
305,Austria,Europe,http://www.wikidata.org/entity/Q40,,,,
310,Hungary,Europe,http://www.wikidata.org/entity/Q28,,,,
315,Czechoslovakia,Europe,http://www.wikidata.org/entity/Q33946,,,,
316,Czech Republic,Europe,http://www.wikidata.org/entity/Q213,,,,
317,Slovakia,Europe,http://www.wikidata.org/entity/Q214,,,,
324,Kingdom of Sardinia,Europe,http://www.wikidata.org/entity/Q2577303,http://www.wikidata.org/entity/Q165154,,,
325,Italy,Europe,http://www.wikidata.org/entity/Q38,,,,
326,Trieste,Europe,http://www.wikidata.org/entity/Q546,,,,
327,Papal States,Europe,http://www.wikidata.org/entity/Q237,,,,
328,Vatican City,Europe,http://www.wikidata.org/entity/Q237,,,,
329,Two Sicilies,Europe,http://www.wikidata.org/entity/Q180393,,,,
331,San Marino,Europe,http://www.wikidata.org/entity/Q238,,,,
332,Modena,Europe,http://www.wikidata.org/entity/Q252580,,,,
335,Parma,Europe,http://www.wikidata.org/entity/Q2683,,,,
336,Lucca,Europe,http://www.wikidata.org/entity/Q13373,,,,
337,Tuscany,Europe,http://www.wikidata.org/entity/Q1273,,,,
338,Malta,Europe,http://www.wikidata.org/entity/Q233,,,,
339,Albania,Europe,http://www.wikidata.org/entity/Q222,,,,
341,Montenegro,Europe,http://www.wikidata.org/entity/Q236,,,,
342,Serbia,Europe,https://www.wikidata.org/wiki/Q403,,,,
343,"Macedonia, Former Yugoslav Republic of",Europe,http://www.wikidata.org/entity/Q240592,,,,
344,Croatia,Europe,http://www.wikidata.org/entity/Q224,,,,
345,Serbia and Montenegro (Yugoslavia),Europe,http://www.wikidata.org/entity/Q241748,,,,
346,Bosnia-Herzegovina,Europe,http://www.wikidata.org/entity/Q225,,,,
347,Kosovo,Europe,http://www.wikidata.org/entity/Q1246,,,,
349,Slovenia,Europe,http://www.wikidata.org/entity/Q215,,,,
350,Greece,Europe,http://www.wikidata.org/entity/Q41,,,,
351,Crete,Europe,http://www.wikidata.org/entity/Q34374,,,,
352,Cyprus,Europe,http://www.wikidata.org/entity/Q229,,,,
355,Bulgaria,Europe,http://www.wikidata.org/entity/Q219,,,,
359,Moldova (Bessarabia) (MoldavianRepublic),Europe,http://www.wikidata.org/entity/Q217,,,,
360,Romania,Europe,http://www.wikidata.org/entity/Q218,,,,
365,Russia (USSR),Europe,http://www.wikidata.org/entity/Q159,,,,
366,Estonia,Europe,http://www.wikidata.org/entity/Q191,,,,
367,Latvia,Europe,http://www.wikidata.org/entity/Q211,,,,
368,Lithuania,Europe,http://www.wikidata.org/entity/Q37,,,,
369,Ukraine,Europe,http://www.wikidata.org/entity/Q212,,,,
370,Belarus (Byelorussia),Europe,http://www.wikidata.org/entity/Q184,,,,
371,Armenia,Europe,http://www.wikidata.org/entity/Q399,,,,
372,Georgia,Europe,http://www.wikidata.org/entity/Q230,,,,
373,Azerbaijan,Europe,http://www.wikidata.org/entity/Q227,,,,
374,Transcaucasia,Europe,http://www.wikidata.org/entity/Q330756,,,,
375,Finland,Europe,http://www.wikidata.org/entity/Q33,,,,
376,Chechen-Ingush Republic,Europe,http://www.wikidata.org/entity/Q1148929,,,,
380,Sweden,Europe,http://www.wikidata.org/entity/Q34,,,,
385,Norway,Europe,http://www.wikidata.org/entity/Q20,,,,
390,Denmark,Europe,http://www.wikidata.org/entity/Q35,,,,
395,Iceland,Europe,http://www.wikidata.org/entity/Q189,,,,
399,European Union (European Economic Community),Europe,https://www.wikidata.org/wiki/Q458,https://www.wikidata.org/wiki/Q52847,,,
400,Azores (Western Isles),Africa,http://www.wikidata.org/entity/Q25263,,,,
401,Madeira Isles,Africa,http://www.wikidata.org/entity/Q26253,,,,
402,Cape Verde,Africa,http://www.wikidata.org/entity/Q1011,,,,
403,Sao Tome-Principe,Africa,http://www.wikidata.org/entity/Q1039,,,,
404,Guinea-Bissau (Portuguese Guinea),Africa,http://www.wikidata.org/entity/Q2002279,http://www.wikidata.org/entity/Q1007,,,
410,Canary Island,Africa,http://www.wikidata.org/entity/Q5813,,,,
411,Equatorial Guinea (Spanish Guinea),Africa,http://www.wikidata.org/entity/Q1232509,http://www.wikidata.org/entity/Q983,,,
412,Rio Muni,Africa,http://www.wikidata.org/entity/Q845368,,,,
413,Fernando Po (Bioko),Africa,http://www.wikidata.org/entity/Q205022,,,,
420,Gambia,Africa,http://www.wikidata.org/entity/Q1005,,,,
430,French West Africa,Africa,http://www.wikidata.org/entity/Q210682,,,,
431,Mali Federation,Africa,http://www.wikidata.org/entity/Q216632,,,,
432,Mali (French Sudan) (Upper Senegal and Niger),Africa,http://www.wikidata.org/entity/Q1271523,http://www.wikidata.org/entity/Q508014,http://www.wikidata.org/entity/Q912,,
433,Senegal,Africa,http://www.wikidata.org/entity/Q1041,,,,
434,Benin (Dahomey),Africa,http://www.wikidata.org/entity/Q962,,,,
435,Mauritania,Africa,http://www.wikidata.org/entity/Q1025,,,,
436,Niger,Africa,http://www.wikidata.org/entity/Q1032,,,,
437,Ivory Coast,Africa,http://www.wikidata.org/entity/Q1008,,,,
438,Guinea (French Guinea) (Rivieres du Sud),Africa,http://www.wikidata.org/entity/Q4394393,http://www.wikidata.org/entity/Q797433,http://www.wikidata.org/entity/Q1006,,
439,Burkina Faso (Upper Volta),Africa,http://www.wikidata.org/entity/Q965,,,,
450,Liberia,Africa,http://www.wikidata.org/entity/Q1014,,,,
451,Sierra Leone,Africa,http://www.wikidata.org/entity/Q1044,,,,
452,Ghana (Gold Coast),Africa,http://www.wikidata.org/entity/Q117,,,,
460,German Togoland,Africa,http://www.wikidata.org/entity/Q161062,,,,
461,Togo (French Togoland),Africa,http://www.wikidata.org/entity/Q797214,http://www.wikidata.org/entity/Q945,,,
462,British Togoland,Africa,http://www.wikidata.org/entity/Q797527,,,,
470,Kamerun,Africa,http://www.wikidata.org/entity/Q668294,,,,
471,Cameroun (French Cameroons),Africa,http://www.wikidata.org/entity/Q1028848,,,,
472,British Cameroons,Africa,http://www.wikidata.org/entity/Q1028835,,,,
475,Nigeria,Africa,http://www.wikidata.org/entity/Q1033,,,,
480,French Equatorial Africa,Africa,http://www.wikidata.org/entity/Q271894,,,,
481,Gabon,Africa,http://www.wikidata.org/entity/Q1000,,,,
482,Central African Republic (Ubangi Shari),Africa,http://www.wikidata.org/entity/Q929,,,,
483,Chad,Africa,http://www.wikidata.org/entity/Q657,,,,
484,Congo (Brazzaville) (French Congo) (Middle Congo),Africa,http://www.wikidata.org/entity/Q265319,http://www.wikidata.org/entity/Q971,,,
490,Democratic Republic of the Congo (Zaire) (Kinshasa) (Belgian Congo) (Congo Free State),Africa,http://www.wikidata.org/entity/Q974,,,,
500,Uganda,Africa,http://www.wikidata.org/entity/Q1036,,,,
501,Kenya (British East Africa Protectorate),Africa,http://www.wikidata.org/entity/Q876185,http://www.wikidata.org/entity/Q114,,,
510,Tanzania (Tanganyika) (German East Africa),Africa,http://www.wikidata.org/entity/Q153963,http://www.wikidata.org/entity/Q431731,http://www.wikidata.org/entity/Q924,,
511,Zanzibar,Africa,http://www.wikidata.org/entity/Q1774,,,,
515,Ruanda-Urundi,Africa,http://www.wikidata.org/entity/Q590743,,,,
516,Burundi,Africa,http://www.wikidata.org/entity/Q967,,,,
517,Rwanda,Africa,http://www.wikidata.org/entity/Q1037,,,,
520,Somalia,Africa,http://www.wikidata.org/entity/Q1045,,,,
521,Somaliland Republic (British Somaliland),Africa,http://www.wikidata.org/entity/Q34754,,,,
522,Djibouti (Afar and Issas) (French Somaliland),Africa,http://www.wikidata.org/entity/Q977,,,,
530,Ethiopia (Abyssinia),Africa,http://www.wikidata.org/entity/Q115,,,,
531,Eritrea,Africa,http://www.wikidata.org/entity/Q986,,,,
540,Angola,Africa,http://www.wikidata.org/entity/Q916,,,,
541,Mozambique,Africa,http://www.wikidata.org/entity/Q1029,,,,
550,Federation of Rhodesia and Nyasaland,Africa,http://www.wikidata.org/entity/Q654342,,,,
551,Zambia (Northern Rhodesia),Africa,http://www.wikidata.org/entity/Q953,,,,
552,Zimbabwe (Rhodesia) (Southern Rhodesia),Africa,http://www.wikidata.org/entity/Q954,,,,
553,Malawi (Nyasaland) (British Central Africa Protectorate),Africa,http://www.wikidata.org/entity/Q1020,,,,
560,South Africa,Africa,http://www.wikidata.org/entity/Q258,,,,
561,Cape Colony,Africa,http://www.wikidata.org/entity/Q370736,,,,
562,Natal,Africa,http://www.wikidata.org/entity/Q1301901,,,,
563,Transvaal,Africa,http://www.wikidata.org/entity/Q190959,,,,
564,Orange Free State (Orange River Colony),Africa,http://www.wikidata.org/entity/Q1142179,http://www.wikidata.org/entity/Q160284,,,
565,Namibia (South West Africa) (German West Africa),Africa,http://www.wikidata.org/entity/Q639691,http://www.wikidata.org/entity/Q953068,http://www.wikidata.org/entity/Q1030,,
566,Transkei,Africa,http://www.wikidata.org/entity/Q466551,,,,
567,Bophuthatswana,Africa,http://www.wikidata.org/entity/Q158236,,,,
568,Venda,Africa,http://www.wikidata.org/entity/Q848668,,,,
569,Ciskei,Africa,http://www.wikidata.org/entity/Q379042,,,,
570,Lesotho (Basutoland),Africa,http://www.wikidata.org/entity/Q2340665,http://www.wikidata.org/entity/Q1013,,,
571,Botswana (Bechuanaland),Africa,http://www.wikidata.org/entity/Q963,,,,
572,Eswatini (Swaziland),Africa,http://www.wikidata.org/entity/Q1050,,,,
580,Madagascar (Malagasy Republic),Africa,http://www.wikidata.org/entity/Q1019,,,,
581,Comoros,Africa,http://www.wikidata.org/entity/Q970,,,,
585,Reunion (Bourbon I.),Africa,http://www.wikidata.org/entity/Q17070,,,,
590,Mauritius,Africa,http://www.wikidata.org/entity/Q1027,,,,
591,Seychelles,Africa,http://www.wikidata.org/entity/Q1042,,,,
600,Morocco,Africa,http://www.wikidata.org/entity/Q1028,,,,
601,Tangier,Africa,http://www.wikidata.org/entity/Q126148,,,,
602,Spanish Morocco,Africa,http://www.wikidata.org/entity/Q457242,,,,
605,Ifni,Africa,http://www.wikidata.org/entity/Q763141,,,,
609,Sahrawi Arab Democratic Republic (Western Sahara) (Spanish Sahara),Africa,http://www.wikidata.org/entity/Q40362,,,,
610,Spanish West Africa,Africa,http://www.wikidata.org/entity/Q1191986,,,,
615,Algeria (Algiers),Africa,http://www.wikidata.org/entity/Q262,,,,
616,Tunisia (Tunis),Africa,http://www.wikidata.org/entity/Q948,,,,
620,Libya,Africa,http://www.wikidata.org/entity/Q7252591,http://www.wikidata.org/entity/Q1016,,,
625,North Sudan (Sudan) (Anglo-Egyptian),Africa,http://www.wikidata.org/entity/Q541455,http://www.wikidata.org/entity/Q1049,,,
626,South Sudan,Africa,http://www.wikidata.org/entity/Q958,,,,
630,Iran (Persia),Asia,http://www.wikidata.org/entity/Q794,,,,
640,Turkey (Ottoman Empire),Asia,http://www.wikidata.org/entity/Q43,,,,
645,Iraq (Mesopotamia),Asia,http://www.wikidata.org/entity/Q796,,,,
651,Egypt Arab Republic (Egypt),Africa,http://www.wikidata.org/entity/Q79,,,,
652,Syria,Asia,http://www.wikidata.org/entity/Q858,,,,
660,Lebanon,Asia,http://www.wikidata.org/entity/Q822,,,,
663,Jordan (Transjordan),Asia,http://www.wikidata.org/entity/Q1121819,http://www.wikidata.org/entity/Q810,,,
665,Palestine,Asia,http://www.wikidata.org/entity/Q219060,,,,
666,Israel,Asia,http://www.wikidata.org/entity/Q801,,,,
670,Saudi Arabia (Emirate of Nejd),Asia,http://www.wikidata.org/entity/Q851,,,,
671,Hejaz Sultanate,Asia,http://www.wikidata.org/entity/Q956357,,,,
672,Asir,Asia,http://www.wikidata.org/entity/Q779855,http://www.wikidata.org/entity/Q1656908,,,
673,Al Hasa,Asia,http://www.wikidata.org/entity/Q4702167,,,,
674,Jabal Shammar,Asia,http://www.wikidata.org/entity/Q5362837,,,,
678,Yemen Arab Republic (North Yemen) (Kingdom of Yemen),Asia,http://www.wikidata.org/entity/Q1998401,http://www.wikidata.org/entity/Q580188,http://www.wikidata.org/entity/Q267584,,
679,Yemen,Asia,http://www.wikidata.org/entity/Q199841,,,,
680,Yemen People's Republic (South Yemen),Asia,http://www.wikidata.org/entity/Q199841,,,,
681,Aden,Asia,http://www.wikidata.org/entity/Q131694,,,,
682,Aden Protectorate,Asia,http://www.wikidata.org/entity/Q1865132,,,,
690,Kuwait,Asia,http://www.wikidata.org/entity/Q817,,,,
692,Bahrain,Asia,http://www.wikidata.org/entity/Q398,,,,
694,Qatar,Asia,http://www.wikidata.org/entity/Q846,,,,
696,United Arab Emirates (Trucial Oman),Asia,http://www.wikidata.org/entity/Q1852345,,,,
698,Oman (Sultanate of Muscat and Oman),Asia,http://www.wikidata.org/entity/Q842,,,,
700,Afghanistan,Asia,http://www.wikidata.org/entity/Q889,,,,
701,Turkmenistan,Asia,http://www.wikidata.org/entity/Q874,,,,
702,Tajikistan,Asia,http://www.wikidata.org/entity/Q863,,,,
703,Kyrgyzstan,Asia,http://www.wikidata.org/entity/Q813,,,,
704,Uzbekistan,Asia,http://www.wikidata.org/entity/Q265,,,,
705,Kazakhstan,Asia,http://www.wikidata.org/entity/Q232,,,,
710,People's Republic of China (China),Asia,http://www.wikidata.org/entity/Q148,,,,
711,Manchukuo,Asia,http://www.wikidata.org/entity/Q30623,,,,
712,Mongolia,Asia,http://www.wikidata.org/entity/Q711,,,,
713,Republic of China (Taiwan) (Formosa),Asia,http://www.wikidata.org/entity/Q865,,,,
720,Hong Kong,Asia,http://www.wikidata.org/entity/Q8646,,,,
721,Macao,Asia,http://www.wikidata.org/entity/Q14773,,,,
730,Korea (Chosen),Asia,http://www.wikidata.org/entity/Q28179,http://www.wikidata.org/entity/Q503585,,,
731,North Korea (Democratic People's Republic of Korea),Asia,http://www.wikidata.org/entity/Q423,,,,
732,South Korea (Republic of South Korea),Asia,http://www.wikidata.org/entity/Q884,,,,
735,Far Eastern Republic,Asia,http://www.wikidata.org/entity/Q61292,,,,
740,Japan,Asia,http://www.wikidata.org/entity/Q17,,,,
741,Ryukyu Is.,Asia,http://www.wikidata.org/entity/Q10905515,,,,
750,India,Asia,http://www.wikidata.org/entity/Q668,,,,
751,French India,Asia,http://www.wikidata.org/entity/Q646374,,,,
752,"Portuguese India (incl. Goa, Diu, Daman)",Asia,http://www.wikidata.org/entity/Q323904,,,,
760,Bhutan,Asia,http://www.wikidata.org/entity/Q917,,,,
761,Sikkim,Asia,http://www.wikidata.org/entity/Q3960459,http://www.wikidata.org/entity/Q1505,,,
770,Pakistan,Asia,http://www.wikidata.org/entity/Q843,,,,
771,Bangladesh,Asia,http://www.wikidata.org/entity/Q902,,,,
775,Myanmar (Burma),Asia,http://www.wikidata.org/entity/Q836,,,,
780,Sri Lanka (Ceylon),Asia,http://www.wikidata.org/entity/Q854,,,,
781,Maldive Islands,Asia,http://www.wikidata.org/entity/Q17044696,,,,
790,Nepal,Asia,http://www.wikidata.org/entity/Q837,,,,
800,Thailand (Siam),Asia,http://www.wikidata.org/entity/Q869,,,,
810,French Indochina,Asia,http://www.wikidata.org/entity/Q185682,,,,
811,Cambodia (Kampuchea),Asia,http://www.wikidata.org/entity/Q424,,,,
812,Laos,Asia,http://www.wikidata.org/entity/Q819,,,,
815,Vietnam,Asia,http://www.wikidata.org/entity/Q881,,,,
816,"Vietnam, Democratic Rep.",Asia,http://www.wikidata.org/entity/Q172640,,,,
817,Republic of Vietnam,Asia,http://www.wikidata.org/entity/Q180573,,,,
820,Malaysia (British Malaya),Asia,http://www.wikidata.org/entity/Q833,,,,
821,Federated Malay States,Asia,http://www.wikidata.org/entity/Q1400154,,,,
823,Sabah (North Borneo),Asia,http://www.wikidata.org/entity/Q179029,,,,
824,Sarawak,Asia,http://www.wikidata.org/entity/Q170462,,,,
827,Straits Settlements,Asia,http://www.wikidata.org/entity/Q376178,,,,
830,Singapore,Asia,http://www.wikidata.org/entity/Q334,,,,
835,Brunei,Asia,http://www.wikidata.org/entity/Q921,,,,
840,Philippines,Asia,http://www.wikidata.org/entity/Q928,,,,
850,Indonesia (Dutch East Indies),Asia,http://www.wikidata.org/entity/Q188161,,,,
851,West Irian (Dutch New Guinea),Asia,http://www.wikidata.org/entity/Q941881,,,,
860,East Timor (Portuguese Timor),Asia,http://www.wikidata.org/entity/Q142965,http://www.wikidata.org/entity/Q574,,,
900,Australia,Oceania,http://www.wikidata.org/entity/Q408,,,,
901,New South Wales,Oceania,http://www.wikidata.org/entity/Q3224,,,,
902,Western Australia,Oceania,http://www.wikidata.org/entity/Q3206,,,,
903,South Australia,Oceania,http://www.wikidata.org/entity/Q35715,,,,
904,Victoria,Oceania,http://www.wikidata.org/entity/Q36687,,,,
905,Queensland,Oceania,http://www.wikidata.org/entity/Q36074,,,,
906,Tasmania,Oceania,http://www.wikidata.org/entity/Q34366,,,,
910,Papua New Guinea,Oceania,http://www.wikidata.org/entity/Q691,,,,
911,Papua (British New Guinea),Oceania,http://www.wikidata.org/entity/Q5095,,,,
912,New Guinea (German New Guinea) (Kaiser Wilhelmsland),Oceania,http://www.wikidata.org/entity/Q691017,http://www.wikidata.org/entity/Q165008,,,
920,New Zealand,Oceania,http://www.wikidata.org/entity/Q664,,,,
925,Cook Is.,Oceania,http://www.wikidata.org/entity/Q26988,,,,
930,New Caledonia and Dependencies,Oceania,http://www.wikidata.org/entity/Q33788,,,,
935,Vanuatu (New Hebrides),Oceania,http://www.wikidata.org/entity/Q752431,,,,
940,Solomon Islands (British Solomon Islands Protectorate),Oceania,http://www.wikidata.org/entity/Q685,,,,
945,Gilbert and Ellice Is.,Oceania,http://www.wikidata.org/entity/Q1050859,,,,
946,Kiribati,Oceania,http://www.wikidata.org/entity/Q710,,,,
947,Tuvalu,Oceania,http://www.wikidata.org/entity/Q672,,,,
950,Fiji,Oceania,http://www.wikidata.org/entity/Q712,,,,
955,Tonga (Ha'apai),Oceania,http://www.wikidata.org/entity/Q678,https://www.wikidata.org/wiki/Q612098,,,
960,French Polynesia,Oceania,http://www.wikidata.org/entity/Q30971,,,,
970,Nauru,Oceania,http://www.wikidata.org/entity/Q697,,,,
980,U. S. Pacific Trust Territories (South Seas Mandate),Oceania,http://www.wikidata.org/entity/Q129237,https://www.wikidata.org/wiki/Q718763,,,
983,Marshall Is.,Oceania,http://www.wikidata.org/entity/Q709,,,,
984,Northern Marianas Is.,Oceania,http://www.wikidata.org/entity/Q16644,,,,
985,Guam,Oceania,http://www.wikidata.org/entity/Q16635,,,,
986,Palau,Oceania,http://www.wikidata.org/entity/Q695,,,,
987,Federated States of Micronesia,Oceania,http://www.wikidata.org/entity/Q702,,,,
990,Samoa (Western Samoa) (German Samoa),Oceania,http://www.wikidata.org/entity/Q683,,,,
991,American Samoa,Oceania,http://www.wikidata.org/entity/Q16641,,,,
1001,States of America,America,http://www.wikidata.org/entity/Q214102,,,,
1002,Confederate States of America,America,http://www.wikidata.org/entity/Q81931,,,,
1003,Attu and Kiska,America,http://www.wikidata.org/entity/Q119285,,,,
1004,North Carolina,America,http://www.wikidata.org/entity/Q1454,,,,
1005,Virginia,America,http://www.wikidata.org/entity/Q1370,,,,
1006,Tennessee,America,http://www.wikidata.org/entity/Q1509,,,,
1007,Arkansas,America,http://www.wikidata.org/entity/Q1612,,,,
1008,Florida,America,http://www.wikidata.org/entity/Q812,,,,
1009,South Carolina (Palmetto Republic),America,http://www.wikidata.org/entity/Q7566712,http://www.wikidata.org/entity/Q1456,,,
1010,Georgia (U.S.),America,http://www.wikidata.org/entity/Q1428,,,,
1011,Alabama,America,http://www.wikidata.org/entity/Q173,,,,
1012,Mississippi,America,http://www.wikidata.org/entity/Q1494,,,,
1013,Louisiana,America,http://www.wikidata.org/entity/Q1588,,,,
1014,California (Great Bear Republic),America,http://www.wikidata.org/entity/Q17557,,,,
1015,Cherokee,America,http://www.wikidata.org/entity/Q14708404,,,,
1016,Oregon (Oregon Country),America,https://www.wikidata.org/wiki/Q824,https://www.wikidata.org/wiki/Q388164,,,
1017,Eastern Greenland,America,http://www.wikidata.org/entity/Q14205239,,,,
1018,U.S. Leased Bases in Newfoundland,America,http://www.wikidata.org/entity/Q5393217,,,,
1019,Rupert's Land,America,http://www.wikidata.org/entity/Q738395,,,,
1020,San Juan Island,America,http://www.wikidata.org/entity/Q1935888,,,,
1021,Cape Breton I.,America,http://www.wikidata.org/entity/Q188489,,,,
1022,Nova Scotia,America,http://www.wikidata.org/entity/Q1952,,,,
1023,New Brunswick,America,http://www.wikidata.org/entity/Q1965,,,,
1024,Prince Edward Is.,America,http://www.wikidata.org/entity/Q1979,,,,
1025,Quebec (Lower Canada),America,http://www.wikidata.org/entity/Q176,,,,
1026,Ontario (Upper Canada),America,http://www.wikidata.org/entity/Q1904,,,,
1027,British Columbia,America,http://www.wikidata.org/entity/Q1974,,,,
1028,Vancouver,America,http://www.wikidata.org/entity/Q24639,,,,
1029,St. Pierre and Miquelon,America,http://www.wikidata.org/entity/Q34617,,,,
1030,U.S. Leased Bases in Bermuda,America,http://www.wikidata.org/entity/Q23635,,,,
1031,Mayaguana,America,http://www.wikidata.org/entity/Q1540098,,,,
1032,Turks and Caicos Is.,America,http://www.wikidata.org/entity/Q18221,,,,
1033,Cayman Island,America,http://www.wikidata.org/entity/Q5785,,,,
1040,Guantanamo,America,http://www.wikidata.org/entity/Q208035,http://www.wikidata.org/entity/Q115319,,,
1041,North Haiti,America,http://www.wikidata.org/entity/Q1472105,http://www.wikidata.org/entity/Q943932,,,
1044,Navassa I.,America,http://www.wikidata.org/entity/Q25359,,,,
1049,Tobago,America,http://www.wikidata.org/entity/Q185111,,,,
1051,U.S. Leased Bases in Jamaica,America,,http://www.wikidata.org/entity/Q7921943,,,
1052,U.S. Leased Bases in Trinidad,America,,http://www.wikidata.org/entity/Q844799,,,
1055,Windward Is.,America,http://www.wikidata.org/entity/Q2660774,,,,
1056,Gros Islet Bay,America,http://www.wikidata.org/entity/Q953557,,,,
1058,Barbuda,America,http://www.wikidata.org/entity/Q238752,,,,
1059,U.S. Leased Bases in Antigua,America,http://www.wikidata.org/entity/Q316390,,,,
1061,British Virgin Is.,America,http://www.wikidata.org/entity/Q25305,,,,
1062,Anguilla,America,http://www.wikidata.org/entity/Q25228,,,,
1063,Leeward Is.,America,http://www.wikidata.org/entity/Q1796551,,,,
1064,St. Barthelemy,America,http://www.wikidata.org/entity/Q25362,,,,
1065,Curacao,America,http://www.wikidata.org/entity/Q25279,,,,
1066,Bonaire,America,http://www.wikidata.org/entity/Q25396,,,,
1067,Saba,America,http://www.wikidata.org/entity/Q25528,,,,
1068,Sint Eustatius,America,http://www.wikidata.org/entity/Q26180,,,,
1069,Aruba,America,http://www.wikidata.org/entity/Q21203,,,,
1070,Viceroyalty of New Spain,America,http://www.wikidata.org/entity/Q170603,,,,
1071,Yucatan,America,http://www.wikidata.org/entity/Q60176,,,,
1072,Revillagigedo Is,America,http://www.wikidata.org/entity/Q849318,,,,
1073,Sint Maarten,America,http://www.wikidata.org/entity/Q26273,,,,
1074,Dutch Windward Is.,America,http://www.wikidata.org/entity/Q3277444,,,,
1075,St. Kitts,America,http://www.wikidata.org/entity/Q204989,,,,
1076,Nevis,America,http://www.wikidata.org/entity/Q207794,,,,
1077,St. Martin,America,http://www.wikidata.org/entity/Q126125,,,,
1081,Mosquito Coast,America,http://www.wikidata.org/entity/Q1165546,,,,
1082,Bay Is.,America,http://www.wikidata.org/entity/Q3593570,,,,
1087,Swan Is.,America,http://www.wikidata.org/entity/Q1547671,,,,
1088,Corn Is.,America,http://www.wikidata.org/entity/Q21111,,,,
1094,Cocos I.,America,http://www.wikidata.org/entity/Q215081,,,,
1097,Panama Canal Operating Area,America,http://www.wikidata.org/entity/Q498979,,,,
1101,Quita Sueno Bank,America,http://www.wikidata.org/entity/Q559484,,,,
1102,Roncador Cay,America,http://www.wikidata.org/entity/Q950869,,,,
1103,Serrana Bank,America,http://www.wikidata.org/entity/Q1814365,,,,
1104,Serranilla Bank,America,http://www.wikidata.org/entity/Q1169008,,,,
1105,San Andres and Providincial Is.,America,http://www.wikidata.org/entity/Q26855,,,,
1106,Malpelo I.,America,http://www.wikidata.org/entity/Q750683,,,,
1111,Aves I.,America,http://www.wikidata.org/entity/Q790669,,,,
1112,U.S. Leased Bases in Br. Guiana,America,http://www.wikidata.org/entity/Q1333912,,,,
1113,Demerara and Essequibo,America,http://www.wikidata.org/entity/Q5255160,,,,
1114,Berbice,America,http://www.wikidata.org/entity/Q675322,,,,
1135,Viceroyalty of Peru,America,http://www.wikidata.org/entity/Q211435,,,,
1150,Free Surinam,America,,,,,
1151,Easter I.,America,http://www.wikidata.org/entity/Q14452,,,,
1152,Juan Fernandez I.,America,http://www.wikidata.org/entity/Q156325,,,,
1153,Desventuradas Is. (San Felix and San Ambrosio),America,http://www.wikidata.org/entity/Q1160526,,,,
1154,Sala y Gomez,America,http://www.wikidata.org/entity/Q118821,,,,
1156,Araucania,America,http://www.wikidata.org/entity/Q2176,,,,
1160,Viceroyalty of La Plata,America,http://www.wikidata.org/entity/Q210551,,,,
1161,Buenos Aires,America,http://www.wikidata.org/entity/Q1486,,,,
1162,Cordoba,America,http://www.wikidata.org/entity/Q44210,,,,
1163,Falkland Is.,America,http://www.wikidata.org/entity/Q9648,,,,
1164,South Georgia,America,http://www.wikidata.org/entity/Q1137202,,,,
1165,South Georgia and South Sandwich Is.,America,http://www.wikidata.org/entity/Q35086,,,,
1166,San Juan,America,http://www.wikidata.org/entity/Q44805,,,,
1167,Corrientes,America,http://www.wikidata.org/entity/Q44758,,,,
1168,Martin Garcia I.,America,http://www.wikidata.org/entity/Q719903,,,,
1201,Inini,America,http://www.wikidata.org/entity/Q1663537,,,,
1301,Galapagos Is.,America,http://www.wikidata.org/entity/Q38095,,,,
1352,Chincha Is.,America,http://www.wikidata.org/entity/Q1073664,,,,
1401,Rio Grande do Sul,America,http://www.wikidata.org/entity/Q40030,,,,
1402,Juliana Republic,America,http://www.wikidata.org/entity/Q2413855,,,,
1407,Acre,America,http://www.wikidata.org/entity/Q40780,,,,
1408,St. Paul's Rocks,America,http://www.wikidata.org/entity/Q241357,,,,
1409,Trindade Island,America,http://www.wikidata.org/entity/Q241478,,,,
2001,Rockall I.,Europe,http://www.wikidata.org/entity/Q206137,,,,
2002,Lundy,Europe,http://www.wikidata.org/entity/Q324812,,,,
2051,UK Bases in Ireland,Europe,http://www.wikidata.org/entity/Q2450821,,,,
2111,Moresnet,Europe,http://www.wikidata.org/entity/Q151938,,,,
2201,Alsace Lorraine,Europe,http://www.wikidata.org/entity/Q155144,,,,
2221,Roquebrune and Menton,Europe,http://www.wikidata.org/entity/Q3559284,,,,
2246,Lauenburg,Europe,http://www.wikidata.org/entity/Q492380,,,,
2247,Schleswig,Europe,http://www.wikidata.org/entity/Q26167,,,,
2248,Holstein,Europe,http://www.wikidata.org/entity/Q111224,,,,
2249,Heligoland,Europe,http://www.wikidata.org/entity/Q3038,,,,
2251,Neuchatel,Europe,http://www.wikidata.org/entity/Q12738,,,,
2292,Cracow,Europe,http://www.wikidata.org/entity/Q31487,https://www.wikidata.org/wiki/Q501303,,,
2311,Spain-Gibralter Neutral Zone,Europe,http://www.wikidata.org/entity/Q2473841,,,,
2333,Ile des Faisans,Europe,http://www.wikidata.org/entity/Q373767,,,,
2481,Bergedorf,Europe,http://www.wikidata.org/entity/Q1637,,,,
2482,Schleswig Plebiscite Zone,Europe,,http://www.wikidata.org/entity/Q692146,,,
2551,Allenstein Plebiscite Zone,Europe,,http://www.wikidata.org/entity/Q574321,,,
2552,Marienwerder Plebiscite Zone,Europe,,http://www.wikidata.org/entity/Q479818,,,
2553,Silesia Plebiscite Zone,Europe,,http://www.wikidata.org/entity/Q574321,,,see map on wikipedia links
2554,Brandenburg,Europe,http://www.wikidata.org/entity/Q1208,,,,
2555,Schleswig-Holstein,Europe,http://www.wikidata.org/entity/Q1194,,,,
2556,Rhineland,Europe,http://www.wikidata.org/entity/Q152243,,,,
2557,Ruhr,Europe,http://www.wikidata.org/entity/Q151993,,,,
2558,Thuringia,Europe,http://www.wikidata.org/entity/Q1205,,,,
2601,Berlin (West Berlin),Europe,http://www.wikidata.org/entity/Q56036,,,,
2602,Hesse,Europe,http://www.wikidata.org/entity/Q1199,,,,
2603,Lower Saxony,Europe,http://www.wikidata.org/entity/Q1197,,,,
2604,North Rhine Westphalia,Europe,http://www.wikidata.org/entity/Q1198,,,,
2605,Rhineland Palatinate,Europe,http://www.wikidata.org/entity/Q1200,,,,
2606,Baden Wuerttemberg,Europe,http://www.wikidata.org/entity/Q985,,,,
2661,Saxe Hildburghausen,Europe,http://www.wikidata.org/entity/Q281005,,,,
3051,Klagenfurt Plebiscite Zone,Europe,,http://www.wikidata.org/entity/Q692136,,,
3052,Vorarlberg,Europe,http://www.wikidata.org/entity/Q38981,,,,
3053,Tyrol,Europe,http://www.wikidata.org/entity/Q42880,,,,
3253,Milan,Europe,http://www.wikidata.org/entity/Q490,,,,
3261,Republic of St. Mark,Europe,http://www.wikidata.org/entity/Q4948,,,,
3262,Lombardy-Venetia,Europe,https://www.wikidata.org/wiki/Q209857,,,,
3271,Ancona,Europe,http://www.wikidata.org/entity/Q3415,,,,
3291,Sicily,Europe,http://www.wikidata.org/entity/Q1460,,,,
3316,Carpatho-Ukraine,Europe,http://www.wikidata.org/entity/Q950644,,,,
3326,Venezia-Giulia,Europe,http://www.wikidata.org/entity/Q306696,,,,
3327,"S.M.O.M. (Sovereign & Military Order of Jerusalem, Rhodes and Malta)",Europe,http://www.wikidata.org/entity/Q190353,,,,
3340,Scutari,Europe,http://www.wikidata.org/entity/Q653394,,,,
3341,Saseno,Europe,http://www.wikidata.org/entity/Q733645,,,,
3343,Fiume,Europe,http://www.wikidata.org/entity/Q1647,,,,
3346,Zadar (Zara),Europe,http://www.wikidata.org/entity/Q3370,,,,
3349,Ionian Is.,Europe,http://www.wikidata.org/entity/Q170295,,,,
3351,Corfu,Europe,http://www.wikidata.org/entity/Q121378,,,,
3352,Turkish Republic of Northern Cyprus,Europe,http://www.wikidata.org/entity/Q23681,,,,
3353,Dodecanese Is. (Aegean Is.),Europe,http://www.wikidata.org/entity/Q131555,,,,
3354,Janina,Europe,http://www.wikidata.org/entity/Q183199,,,,
3355,Akrotiri and Dhekelia (British Bases in Cyprus),Europe,http://www.wikidata.org/entity/Q37362,,,,
3356,Castellorizo,Europe,http://www.wikidata.org/entity/Q212096,,,,
3361,Moldavia,Europe,http://www.wikidata.org/entity/Q217,,,,
3362,Wallachia,Europe,http://www.wikidata.org/entity/Q171393,,,,
3363,Memel,Europe,http://www.wikidata.org/entity/Q776965,,,,
3364,North Ingria,Europe,http://www.wikidata.org/entity/Q1343485,,,,
3374,Batum,Europe,http://www.wikidata.org/entity/Q25475,,,,
3375,Daghestan,Europe,http://www.wikidata.org/entity/Q5118,,,,
3376,Nakhichevan,Europe,http://www.wikidata.org/entity/Q284506,,,,
3377,Mountaineers' Republic of the North Caucusus,Europe,http://www.wikidata.org/entity/Q1639475,,,,
3378,Porkkala,Europe,http://www.wikidata.org/entity/Q1474150,,,,
3379,Aland Is.,Europe,http://www.wikidata.org/entity/Q5689,,,,
3380,Hangö,Europe,http://www.wikidata.org/entity/Q216790,,,,
3381,Elba,Europe,http://www.wikidata.org/entity/Q45328,,,,
3386,Svalbard Is.,Europe,http://www.wikidata.org/entity/Q25231,,,,
3387,Jan Mayen Is.,Europe,http://www.wikidata.org/entity/Q14056,,,,
3451,Serb Republic of Krajina,Europe,http://www.wikidata.org/entity/Q211853,,,,
3452,Serb Republic of Bosnia,Europe,http://www.wikidata.org/entity/Q11196,,,,
3461,Bosnia,Europe,http://www.wikidata.org/entity/Q188736,,,,
3462,Herzegovina,Europe,http://www.wikidata.org/entity/Q189863,,,,
3471,Novi Pazar,Europe,http://www.wikidata.org/entity/Q202453,,,,
3481,Brda,Europe,http://www.wikidata.org/entity/Q3512355,,,,
3501,Western Thrace,Europe,http://www.wikidata.org/entity/Q1192701,,,,
3502,Mount Athos,Europe,http://www.wikidata.org/entity/Q130321,,,,
3503,New Greece,Europe,,,,,
3504,Samos,Europe,http://www.wikidata.org/entity/Q156882,,,,
3505,Lemnos,Europe,http://www.wikidata.org/entity/Q192483,,,,
3521,UN Buffer Zone in Cyprus,Europe,http://www.wikidata.org/entity/Q116970,,,,
3551,Eastern Rumelia,Europe,http://www.wikidata.org/entity/Q459780,,,,
3591,Transdniestria (Pridnestrovian Moldavian Republic),Europe,http://www.wikidata.org/entity/Q907112,,,,
3592,Gaugazia,Europe,http://www.wikidata.org/entity/Q164819,,,,
3601,Danube Islands Neutral Zone,Europe,,,,,
3651,Adygea,Europe,http://www.wikidata.org/entity/Q3734,,,,
3652,Altai Republic,Europe,http://www.wikidata.org/entity/Q5971,,,,
3653,Bashkir Republic,Europe,http://www.wikidata.org/entity/Q5710,,,,
3654,Buryatia,Europe,http://www.wikidata.org/entity/Q6809,,,,
3655,Karelia Republic,Europe,http://www.wikidata.org/entity/Q1914,,,,
3691,Western Ukraine,Europe,http://www.wikidata.org/entity/Q1729457,,,,
3692,Northeren Russia,Europe,http://www.wikidata.org/entity/Q965661,,,,
3693,Republic of the Don,Europe,http://www.wikidata.org/entity/Q2453974,,,,
3694,Odessa,Europe,http://www.wikidata.org/entity/Q1874,,,,
3695,Crimea,Europe,http://www.wikidata.org/entity/Q756294,,,,
3696,Novorossiya,Europe,http://www.wikidata.org/entity/Q16912926,,,,
3697,Donetsk,Europe,http://www.wikidata.org/entity/Q43070,,,,
3698,Luhansk,Europe,http://www.wikidata.org/entity/Q134279,,,,
3712,Artsakh (Republic of Karabakh),Europe,http://www.wikidata.org/entity/Q244165,,,,
3721,Abkhazia,Europe,http://www.wikidata.org/entity/Q23334,,,,
3722,South Ossetia,Europe,http://www.wikidata.org/entity/Q23427,,,,
3723,Adjara,Europe,http://www.wikidata.org/entity/Q45693,,,,
3761,Chechen Republic,Europe,http://www.wikidata.org/entity/Q5187,,,,
3762,"Ingushetia, Republic of",Europe,http://www.wikidata.org/entity/Q5219,,,,
3805,Sweden-Norway Neutral Zone,Europe,http://www.wikidata.org/entity/Q2742785,,,,
3901,Bornholm I.,Europe,http://www.wikidata.org/entity/Q769680,,,,
4031,Principe,Africa,http://www.wikidata.org/entity/Q210636,,,,
4041,Cacheu,Africa,http://www.wikidata.org/entity/Q1002807,,,,
4042,Bissau,Africa,http://www.wikidata.org/entity/Q3739,,,,
4043,Oio,Africa,http://www.wikidata.org/entity/Q853991,,,,
4050,St. Helena,Africa,http://www.wikidata.org/entity/Q34497,,,,
4051,Longwood,Africa,http://www.wikidata.org/entity/Q222213,,,,
4060,Tristan da Cunha,Africa,http://www.wikidata.org/entity/Q220982,,,,
4070,Ascension I.,Africa,http://www.wikidata.org/entity/Q46197,,,,
4111,Annobon I.,Africa,http://www.wikidata.org/entity/Q728665,,,,
4112,Corisco I.,Africa,http://www.wikidata.org/entity/Q749561,,,,
4321,Tokolor Empire,Africa,http://www.wikidata.org/entity/Q536476,,,,
4322,Timbuctu,Africa,http://www.wikidata.org/entity/Q9427,,,,
4323,Bambuk,Africa,http://www.wikidata.org/entity/Q805975,,,,
4324,Dinguiray,Africa,http://www.wikidata.org/entity/Q1006013,,,,
4325,Kaarta,Africa,http://www.wikidata.org/entity/Q924833,,,,
4326,Macina,Africa,http://www.wikidata.org/entity/Q635394,,,,
4327,Segu,Africa,http://www.wikidata.org/entity/Q333476,,,,
4328,Sikasso,Africa,http://www.wikidata.org/entity/Q461298,,,,
4331,Futa Toro,Africa,http://www.wikidata.org/entity/Q1440091,,,,
4332,Futa Bondu,Africa,http://www.wikidata.org/entity/Q892272,,,,
4333,Cayor,Africa,http://www.wikidata.org/entity/Q1052040,,,,
4334,Rip,Africa,http://www.wikidata.org/entity/Q3433004,,,,
4335,Saloum,Africa,http://www.wikidata.org/entity/Q1471373,,,,
4336,Sine,Africa,http://www.wikidata.org/entity/Q862467,,,,
4337,Walo,Africa,http://www.wikidata.org/entity/Q206279,,,,
4338,Goree,Africa,http://www.wikidata.org/entity/Q244347,,,,
4341,Old Dahomey,Africa,http://www.wikidata.org/entity/Q468814,,,,
4342,Gun,Africa,,http://www.wikidata.org/entity/Q22132744,,,links to a tribe or a language
4343,Ketu,Africa,http://www.wikidata.org/entity/Q3311513,,,,
4344,Grand Popo,Africa,http://www.wikidata.org/entity/Q1542478,,,,
4345,Ouidah,Africa,http://www.wikidata.org/entity/Q850031,http://www.wikidata.org/entity/Q1716449,,,
4346,Anecho (Little Popo),Africa,http://www.wikidata.org/entity/Q1018574,,,,
4347,Cotonou,Africa,http://www.wikidata.org/entity/Q43595,,,,
4348,Porto Novo,Africa,http://www.wikidata.org/entity/Q3799,,,,
4349,Ajuda,Africa,http://www.wikidata.org/entity/Q1969968,,,,
4351,Adrar,Africa,http://www.wikidata.org/entity/Q366626,,,,
4352,Brakna,Africa,http://www.wikidata.org/entity/Q12632,,,,
4353,Tagant,Africa,http://www.wikidata.org/entity/Q843903,,,,
4354,Trarza,Africa,http://www.wikidata.org/entity/Q1812976,,,,
4361,Aïr,Africa,http://www.wikidata.org/entity/Q1502813,,,,
4362,Zinder,Africa,http://www.wikidata.org/entity/Q204365,,,,
4371,Odienne,Africa,http://www.wikidata.org/entity/Q506811,,,,
4372,Grand Bassam,Africa,http://www.wikidata.org/entity/Q582922,,,,
4373,Assini,Africa,http://www.wikidata.org/entity/Q2867185,,,,
4381,Futa Djallon,Africa,http://www.wikidata.org/entity/Q760741,,,,
4382,Kankan,Africa,http://www.wikidata.org/entity/Q874317,,,,
4391,Gurma,Africa,http://www.wikidata.org/entity/Q432317,,,,
4392,Kong,Africa,http://www.wikidata.org/entity/Q1587244,,,,
4393,Mandinka (Wassoulou) Empire,Africa,http://www.wikidata.org/entity/Q568712,,,,
4394,Mamprussi,Africa,,https://www.wikidata.org/wiki/Q641337,,,links to a tribe
4395,Ouga Dougou,Africa,,http://www.wikidata.org/entity/Q3777,,,
4396,Yatenga,Africa,http://www.wikidata.org/entity/Q65123867,http://www.wikidata.org/entity/Q569904,,,
4397,Busuma,Africa,,,,,
4398,Riziam,Africa,http://www.wikidata.org/entity/Q3434028,http://www.wikidata.org/entity/Q163352,,,
4501,Maryland,Africa,http://www.wikidata.org/entity/Q544630,,,,
4512,Aku,Africa,,http://www.wikidata.org/entity/Q24697842,,,
4513,Banana Islands,Africa,http://www.wikidata.org/entity/Q806076,,,,
4514,Bumpe,Africa,http://www.wikidata.org/entity/Q2946676,,,,
4515,Koya-Temne,Africa,http://www.wikidata.org/entity/Q6412616,,,,
4516,Shenge (Plantation Island),Africa,http://www.wikidata.org/entity/Q7494263,,,,
4521,Asante,Africa,http://www.wikidata.org/entity/Q722071,,,,
4522,Adansi,Africa,http://www.wikidata.org/entity/Q4680636,,,,
4523,Akwamu,Africa,http://www.wikidata.org/entity/Q1791839,,,,
4524,Akwapim,Africa,,http://www.wikidata.org/entity/Q423691,http://www.wikidata.org/entity/Q176435,,
4525,Akyem,Africa,http://www.wikidata.org/entity/Q418389,,,,links to a tribe or a language
4526,Dagomba,Africa,http://www.wikidata.org/entity/Q24697413,,,,
4527,Denkyira,Africa,http://www.wikidata.org/entity/Q1164302,,,,
4528,Fante,Africa,https://en.wikipedia.org/wiki/Fante_Confederacy,,,,
4529,Ga,Africa,,http://www.wikidata.org/entity/Q2553691,http://www.wikidata.org/entity/Q2553740,http://www.wikidata.org/entity/Q431729,
4531,Gonja,Africa,http://www.wikidata.org/entity/Q1477754,,,,
4532,Gyamen,Africa,http://www.wikidata.org/entity/Q1644002,,,,
4533,Wassa,Africa,,http://www.wikidata.org/entity/Q7972734,,,links to a tribe or a language
4534,Danish Posts (Gold Coast),Africa,http://www.wikidata.org/entity/Q770833,,,,
4535,Dutch Posts (Gold Coast),Africa,http://www.wikidata.org/entity/Q770776,,,,
4536,Northern Territories (Gold Coast),Africa,http://www.wikidata.org/entity/Q503623,,,,
4559,Gold Coast-Togoland (Neutral Zone),Africa,http://www.wikidata.org/entity/Q319125,,,,
4711,Bamum (Bamoun),Africa,http://www.wikidata.org/entity/Q1629505,,,,
4735,Kontagora,Africa,http://www.wikidata.org/entity/Q6430319,,,,
4736,Keana,Africa,http://www.wikidata.org/entity/Q6382153,,,,
4737,Fika,Africa,http://www.wikidata.org/entity/Q5448221,,,,
4738,Doma (Gara),Africa,,,,,
4741,Abuja (Suleja),Africa,http://www.wikidata.org/entity/Q1814476,,,,
4742,Igala,Africa,http://www.wikidata.org/entity/Q17029087,,,,
4744,Wukari (Kwararafa),Africa,http://www.wikidata.org/entity/Q15043630,http://www.wikidata.org/entity/Q2518009,,,
4746,Yauri,Africa,http://www.wikidata.org/entity/Q8050352,,,,
4750,Oyo Empire,Africa,https://www.wikidata.org/wiki/Q849623,,,,
4751,Sokoto,Africa,http://www.wikidata.org/entity/Q600524,,,,
4752,Adamawa,Africa,http://www.wikidata.org/entity/Q775550,,,,
4753,Bauchi,Africa,http://www.wikidata.org/entity/Q811144,,,,
4754,Gwandu,Africa,http://www.wikidata.org/entity/Q1337777,,,,
4755,Hadejia,Africa,http://www.wikidata.org/entity/Q5637733,,,,
4756,Ilorin,Africa,http://www.wikidata.org/entity/Q6001098,http://www.wikidata.org/entity/Q587085,,,
4757,Kano,Africa,http://www.wikidata.org/entity/Q182984,http://www.wikidata.org/entity/Q3123512,,,
4758,Katsina,Africa,http://www.wikidata.org/entity/Q937487,,,,
4759,Katagum,Africa,http://www.wikidata.org/entity/Q6375000,,,,
4761,Nupe,Africa,http://www.wikidata.org/entity/Q121869,,,,
4762,Zaria,Africa,http://www.wikidata.org/entity/Q147975,,,,
4763,Bornu (Kanem),Africa,http://www.wikidata.org/entity/Q1139762,,,,
4765,Mandara,Africa,http://www.wikidata.org/entity/Q1796221,,,,
4766,Rabah,Africa,http://www.wikidata.org/entity/Q7278481,,,,
4768,Egba,Africa,,http://www.wikidata.org/entity/Q3268656,,,
4769,Ibadan,Africa,http://www.wikidata.org/entity/Q183298,,,,
4771,Ife,Africa,http://www.wikidata.org/entity/Q180084,,,,
4772,Ijaiye,Africa,http://www.wikidata.org/entity/Q5995069,,,,
4773,Ijebu,Africa,http://www.wikidata.org/entity/Q1658023,,,,
4774,Ilesha,Africa,http://www.wikidata.org/entity/Q763595,,,,
4775,New Oyo,Africa,http://www.wikidata.org/entity/Q849623,http://www.wikidata.org/entity/Q1023703,,,
4776,Benin (Edo),Africa,http://www.wikidata.org/entity/Q171203,,,,
4781,Lagos,Africa,http://www.wikidata.org/entity/Q8673,,,,
4782,Oil Rivers Protectorate,Africa,http://www.wikidata.org/entity/Q2566427,,,,
4783,Southern Nigeria (Niger Coast Protectorate),Africa,http://www.wikidata.org/entity/Q2062030,,,,
4784,Northern Nigeria (British Nigeria),Africa,http://www.wikidata.org/entity/Q585408,,,,
4790,Biafra,Africa,http://www.wikidata.org/entity/Q178469,,,,
4791,Bonny,Africa,http://www.wikidata.org/entity/Q6412546,,,,
4792,0ld Calabar (Efik),Africa,,http://www.wikidata.org/entity/Q3527954,,,
4793,New Calabar (Kalabari),Africa,http://www.wikidata.org/entity/Q6350012,,,,
4794,Opobo,Africa,http://www.wikidata.org/entity/Q3238928,,,,
4795,Nembe (Brass),Africa,http://www.wikidata.org/entity/Q3510576,,,,
4796,Okrika,Africa,http://www.wikidata.org/entity/Q7082573,,,,
4821,Bangassou,Africa,http://www.wikidata.org/entity/Q806478,,,,
4822,Rafai,Africa,http://www.wikidata.org/entity/Q665219,,,,
4823,Zemio,Africa,http://www.wikidata.org/entity/Q55425392,,,,
4831,Bagirmi,Africa,http://www.wikidata.org/entity/Q1472873,,,,
4832,Wadai,Africa,http://www.wikidata.org/entity/Q1132786,,,,
4841,Bateke (Anziku),Africa,http://www.wikidata.org/entity/Q4778463,,,,
4842,Loango,Africa,http://www.wikidata.org/entity/Q1479630,,,,
4901,Tippu Tip Empire,Africa,http://www.wikidata.org/entity/Q60775599,,,,
4902,Mwata Yamvo (Lunda),Africa,http://www.wikidata.org/entity/Q1796223,,,,
4903,Kalagne,Africa,,http://www.wikidata.org/entity/Q22141829,,,
4904,Baluba,Africa,http://www.wikidata.org/entity/Q1768252,,,,
4905,Katanga,Africa,http://www.wikidata.org/entity/Q217242,,,,
4906,Kasai,Africa,http://www.wikidata.org/entity/Q3820436,,,,
4907,Msiri (Yeke),Africa,http://www.wikidata.org/entity/Q3321385,,,,
4908,Azande,Africa,,http://www.wikidata.org/entity/Q793575,,,links to a tribe or a language
4909,Mangbetu,Africa,,http://www.wikidata.org/entity/Q1602764,,,
4910,Kuba,Africa,http://www.wikidata.org/entity/Q209327,,,,
5001,Buganda,Africa,http://www.wikidata.org/entity/Q473748,,,,
5002,Ankole,Africa,http://www.wikidata.org/entity/Q538636,,,,
5003,Bunyoro,Africa,http://www.wikidata.org/entity/Q889897,,,,
5004,Busoga,Africa,http://www.wikidata.org/entity/Q691037,,,,
5005,Butoro,Africa,,,,,
5006,Rwenzururu,Africa,http://www.wikidata.org/entity/Q2795682,,,,
5011,Kenya Protectorate,Africa,http://www.wikidata.org/entity/Q2538511,,,,
5012,Mombassa,Africa,http://www.wikidata.org/entity/Q1112885,,,,
5013,Pate,Africa,http://www.wikidata.org/entity/Q542168,,,,
5017,Vumbu Kuu,Africa,,,,,
5018,Wanga (Wanga Kingdom),Africa,,https://abawanga.files.wordpress.com/2012/04/wanga_map.jpg,,,
5101,Ha,Africa,,http://www.wikidata.org/entity/Q2995962,,,
5102,Haya,Africa,http://www.wikidata.org/entity/Q1824726,,,,
5103,Hehe,Africa,,http://www.wikidata.org/entity/Q1261861,,,links to a tribe or a language
5104,Karagwe,Africa,http://www.wikidata.org/entity/Q28455505,,,,
5105,Urambo,Africa,http://www.wikidata.org/entity/Q2500021,,,,
5106,Gwangara,Africa,,,,,links to a tribe or a language
5107,North Gwangara,Africa,,,,,
5108,South Gwangara,Africa,,http://www.wikidata.org/entity/Q1474869,,,
5200,Italian Somaliland,Africa,http://www.wikidata.org/entity/Q319984,,,,
5201,Italian East Africa,Africa,http://www.wikidata.org/entity/Q328478,,,,
5202,Oltre Giuba,Africa,http://www.wikidata.org/entity/Q1231992,,,,
5203,Alula (Majeerteen),Africa,http://www.wikidata.org/entity/Q448076,http://www.wikidata.org/entity/Q2257830,,,
5204,Obbia,Africa,http://www.wikidata.org/entity/Q862404,,,,
5205,Somali Coast Leased Territory,Africa,http://www.wikidata.org/entity/Q806070,,,,
5206,Puntland,Africa,http://www.wikidata.org/entity/Q485112,http://www.wikidata.org/entity/Q822679,,,
5207,Mogadishu,Africa,http://www.wikidata.org/entity/Q2449,,,,
5208,Merca,Africa,http://www.wikidata.org/entity/Q657428,,,,
5209,Barawa,Africa,http://www.wikidata.org/entity/Q613246,,,,
5211,Warsheikh,Africa,http://www.wikidata.org/entity/Q1016898,,,,
5212,Geledi,Africa,http://www.wikidata.org/entity/Q862518,,,,
5221,Tadjoura,Africa,http://www.wikidata.org/entity/Q820972,,,,
5222,Obock,Africa,http://www.wikidata.org/entity/Q844929,,,,
5301,Amhara,Africa,http://www.wikidata.org/entity/Q2784456,,,,
5302,Gondar,Africa,http://www.wikidata.org/entity/Q218861,,,,
5303,Shewa,Africa,http://www.wikidata.org/entity/Q971375,,,,
5304,Tigray,Africa,http://www.wikidata.org/entity/Q200127,,,,
5305,Gojjam,Africa,http://www.wikidata.org/entity/Q1533914,,,,
5306,Harar,Africa,http://www.wikidata.org/entity/Q5372551,,,,
5307,"Jijega, Reserve Areas and Haud",Africa,,http://www.wikidata.org/entity/Q755763,,,
5309,Kaffa,Africa,http://www.wikidata.org/entity/Q1462877,,,,
5321,Limmu-Ennarea,Africa,http://www.wikidata.org/entity/Q48723590,,,,
5322,Jimma-Kakka (Jimma Abba Jifar),Africa,http://www.wikidata.org/entity/Q1759078,,,,
5323,Gera,Africa,http://www.wikidata.org/entity/Q500965,,,,
5324,Gomma,Africa,http://www.wikidata.org/entity/Q501684,,,,
5325,Guma,Africa,http://www.wikidata.org/entity/Q5618018,,,,
5331,Assab,Africa,http://www.wikidata.org/entity/Q5785,,,,
5332,Awsa Sultanate,Africa,http://www.wikidata.org/entity/Q791787,,,,
5401,Chokwe,Africa,http://www.wikidata.org/entity/Q618643,,,,
5402,Ovimbundu,Africa,http://www.wikidata.org/entity/Q214248,,,,
5411,Kionga,Africa,http://www.wikidata.org/entity/Q1742340,,,,
5511,Citimukulu Bemba,Africa,,http://www.wikidata.org/entity/Q644450,,,
5512,Mwamba Bemba,Africa,,http://www.wikidata.org/entity/Q644450,,,
5513,Barotse,Africa,http://www.wikidata.org/entity/Q808750,,,,
5515,Maseko Ngoni,Africa,,http://www.wikidata.org/entity/Q17109664,,,
5516,Shangane (Gaza Empire),Africa,http://www.wikidata.org/entity/Q3780537,,,,
5517,Kazembe,Africa,http://www.wikidata.org/entity/Q5675285,,,,
5518,Northeastern Rhodesia,Africa,http://www.wikidata.org/entity/Q2753015,,,,
5519,Northwestern Rhodesia,Africa,http://www.wikidata.org/entity/Q2400545,,,,
5521,Rozwi,Africa,http://www.wikidata.org/entity/Q986822,,,,
5522,Ndebele (Matabeleland),Africa,http://www.wikidata.org/entity/Q1266775,,,,
5523,Mashona,Africa,http://www.wikidata.org/entity/Q1640913,,,,
5524,Mbelwa Ngoni,Africa,,http://www.wikidata.org/entity/Q17109664,,,links to a tribe or a language
5525,Mpezeni Ngoni,Africa,http://www.wikidata.org/entity/Q7135313,,,,
5526,Kamanga,Africa,,,,,
5531,Zwangendaba Ngoni,Africa,,http://www.wikidata.org/entity/Q17109664,,,
5532,Ciwere (Chewa),Africa,,http://www.wikidata.org/entity/Q1071390,,,links to a tribe or a language
5601,Zulu,Africa,,http://www.wikidata.org/entity/Q129962,,,links to a tribe or a language
5602,Ndandwe,Africa,,http://www.wikidata.org/entity/Q3337519,,,
5603,Mtetwa,Africa,http://www.wikidata.org/entity/Q600562,,,,
5606,Prince Edward and Marion Is.,Africa,http://www.wikidata.org/entity/Q46623,,,,
5611,"Griqualand, West",Africa,http://www.wikidata.org/entity/Q2547918,,,,
5612,British Bechuanaland,Africa,http://www.wikidata.org/entity/Q4530733,,,,
5613,Stellaland & Goshen,Africa,http://www.wikidata.org/entity/Q1269234,http://www.wikidata.org/entity/Q2145397,,,
5614,British Kaffraria,Africa,http://www.wikidata.org/entity/Q918121,,,,
5615,Lydenburg Republic,Africa,http://www.wikidata.org/entity/Q220167,,,,
5618,Zoutpansberg,Africa,http://www.wikidata.org/entity/Q3110404,,,,
5621,Zululand,Africa,http://www.wikidata.org/entity/Q729768,,,,
5622,New Republic,Africa,,http://www.wikidata.org/entity/Q552157,,,
5641,"Griqualand, East",Africa,http://www.wikidata.org/entity/Q5157575,,,,
5642,Winburg Republic (Natalia Republic),Africa,http://www.wikidata.org/entity/Q1029847,,,,
5651,Walvis Bay,Africa,http://www.wikidata.org/entity/Q220843,,,,
5711,Bamangwato,Africa,,http://www.wikidata.org/entity/Q2628797,,,
5796,Ambohimanga (Merina),Africa,http://www.wikidata.org/entity/Q1071439,,,,
5797,Menabe,Africa,http://www.wikidata.org/entity/Q1344087,,,,
5798,Antaimoro,Africa,,http://www.wikidata.org/entity/Q721579,,,
5799,Boina,Africa,http://www.wikidata.org/entity/Q557842,,,,
5801,Nossi Be,Africa,http://www.wikidata.org/entity/Q1330558,,,,
5802,Diego Suarez,Africa,http://www.wikidata.org/entity/Q218928,,,,
5803,St. Marie de Madagascar,Africa,http://www.wikidata.org/entity/Q1321311,,,,
5804,Tromelin I.,Africa,http://www.wikidata.org/entity/Q234208,,,,
5805,Bassas Da India I.,Africa,http://www.wikidata.org/entity/Q220601,,,,
5806,Europa I.,Africa,http://www.wikidata.org/entity/Q193089,,,,
5807,Juan de Nova I.,Africa,http://www.wikidata.org/entity/Q237034,,,,
5808,Glorioso I.,Africa,http://www.wikidata.org/entity/Q236601,,,,
5809,Fort Dauphin,Africa,http://www.wikidata.org/entity/Q526568,,,,
5811,Grand Comoro,Africa,http://www.wikidata.org/entity/Q244978,,,,
5812,Mayotte,Africa,http://www.wikidata.org/entity/Q17063,,,,
5813,Anjouan,Africa,http://www.wikidata.org/entity/Q231324,,,,
5814,Moheli,Africa,http://www.wikidata.org/entity/Q271797,,,,
5815,Andruna,Africa,http://www.wikidata.org/entity/Q22248237,,,,
5901,Rodrigues I.,Africa,http://www.wikidata.org/entity/Q208668,,,,
5902,Agalega Is.,Africa,http://www.wikidata.org/entity/Q196042,,,,
5903,Cargados Carajos Shoals,Africa,http://www.wikidata.org/entity/Q511859,,,,
5920,British Indian Ocean Territory (Chagos Archipelago),Africa,http://www.wikidata.org/entity/Q43448,,,,
5921,Amirante Is.,Africa,https://www.wikidata.org/wiki/Q472207,,,,
6001,Oujda,Africa,http://www.wikidata.org/entity/Q193802,,,,
6021,Southern zone of Spanish Morocco,Africa,http://www.wikidata.org/entity/Q1538846,,,,
6023,Republic of the Rif,Africa,http://www.wikidata.org/entity/Q37102,,,,
6030,Tetuan,Africa,http://www.wikidata.org/entity/Q185157,,,,
6061,Alhucemas,Africa,http://www.wikidata.org/entity/Q1184963,,,,
6062,Ceuta,Africa,http://www.wikidata.org/entity/Q5823,,,,
6063,Chafarinas,Africa,http://www.wikidata.org/entity/Q130574,,,,
6064,Melilla,Africa,http://www.wikidata.org/entity/Q5831,,,,
6065,Penon de Velez,Africa,http://www.wikidata.org/entity/Q191146,,,,
6066,Morocco-Melilla Neutral Zone,Africa,http://www.wikidata.org/entity/Q2748217,,,,
6067,Captaincy-general of north Africa,Africa,,,,,
6151,Abdelkader Emirate,Africa,http://www.wikidata.org/entity/Q3591817,http://www.wikidata.org/entity/Q545707,,,
6152,Kabylie,Africa,http://www.wikidata.org/entity/Q46178,,,,
6153,Leased Posts in Algeria,Africa,,,,,
6161,Bizerte,Africa,http://www.wikidata.org/entity/Q189546,,,,
6201,Sanussid Cyrenaica,Africa,,http://www.wikidata.org/entity/Q165198,,,
6202,Cyrenaica,Africa,http://www.wikidata.org/entity/Q165198,,,,
6203,Tripolitania,Africa,http://www.wikidata.org/entity/Q192435,,,,
6204,Fezzan,Africa,https://www.wikidata.org/wiki/Q188258,,,,
6251,Darfur,Africa,http://www.wikidata.org/entity/Q1474791,,,,
6252,Funj Sultanate,Africa,http://www.wikidata.org/entity/Q1475713,,,,
6253,Kordofan,Africa,http://www.wikidata.org/entity/Q867052,,,,
6254,Mahdist Empire,Africa,http://www.wikidata.org/entity/Q3125368,,,,
6255,Shilluk,Africa,,http://www.wikidata.org/entity/Q3482103,,,
6256,North Kordofan,Africa,http://www.wikidata.org/entity/Q864093,,,,
6257,South Kordofan,Africa,http://www.wikidata.org/entity/Q465490,,,,
6258,West Kordofan,Africa,http://www.wikidata.org/entity/Q536396,,,,
6301,Mahabad,Asia,http://www.wikidata.org/entity/Q335518,,,,
6302,Iranian Azerbaijan,Asia,http://www.wikidata.org/entity/Q274536,http://www.wikidata.org/entity/Q2305337,,,
6303,Gilan,Asia,http://www.wikidata.org/entity/Q928828,,,,
6304,Khuzestan,Asia,http://www.wikidata.org/entity/Q241119,,,,
6305,Bushire,Asia,http://www.wikidata.org/entity/Q158928,http://www.wikidata.org/entity/Q132945,,,
6306,Bandar Abbas,Asia,http://www.wikidata.org/entity/Q154814,,,,
6309,Kharg I.,Asia,http://www.wikidata.org/entity/Q913355,,,,
6401,Cilicia,Asia,http://www.wikidata.org/entity/Q620864,,,,
6402,Western Anatolia,Asia,http://www.wikidata.org/entity/Q51614,,,,
6403,Hatay (Alexandretta),Asia,http://www.wikidata.org/entity/Q83274,http://www.wikidata.org/entity/Q146761,,,
6404,Adalia,Asia,http://www.wikidata.org/entity/Q6487,,,,
6405,Dardanelles-Istanbul,Asia,http://www.wikidata.org/entity/Q406,,,,
6451,Iraq-Saudi Arabia Neutral Zone,Asia,http://www.wikidata.org/entity/Q15710,,,,
6452,Iraq Occupation Zone,Asia,,,,,
6453,Iraq-Kuwait Demilitarized Zone,Asia,http://www.wikidata.org/entity/Q2682087,,,,
6454,Kurdistan Occupation Zone,Asia,,http://www.wikidata.org/entity/Q205047,,,
6511,Gaza,Asia,http://www.wikidata.org/entity/Q39760,,,,
6512,Sinai,Asia,http://www.wikidata.org/entity/Q36755,,,,
6513,Sinai Demilitarized Zones,Asia,,,,,
6514,Suez Canal Zone,Asia,http://www.wikidata.org/entity/Q899,,,,
6521,Golan Heights,Asia,http://www.wikidata.org/entity/Q83210,,,,
6522,Golan Heights Demilitarized Zone,Asia,,,,,
6523,Rouad I.,Asia,http://www.wikidata.org/entity/Q377802,,,,
6524,Damascus,Asia,http://www.wikidata.org/entity/Q3766,,,,
6525,Aleppo,Asia,http://www.wikidata.org/entity/Q41183,,,,
6526,Latakia (Alaouites),Asia,http://www.wikidata.org/entity/Q200030,,,,
6527,Jebel Druze,Asia,http://www.wikidata.org/entity/Q146740,,,,
6601,South Lebanon Security Zone (Free Statefo South Lebanon),Asia,http://www.wikidata.org/entity/Q30633791,http://www.wikidata.org/entity/Q12408854,,,
6631,West Bank,Asia,http://www.wikidata.org/entity/Q36678,,,,
6632,Israel-Jordan Neutral Zone,Asia,,http://www.wikidata.org/entity/Q312818,,,
6661,Al Auja,Asia,http://www.wikidata.org/entity/Q2895271,,,,
6800,Socotra I.,Asia,http://www.wikidata.org/entity/Q2860218,,,,
6801,Federation of South Arabia,Asia,http://www.wikidata.org/entity/Q834486,,,,
6802,Perim I.,Asia,http://www.wikidata.org/entity/Q1160017,,,,
6803,Federation of Arab Emirates of the South,Asia,http://www.wikidata.org/entity/Q1479724,,,,
6811,West Aden Protectorate,Asia,http://www.wikidata.org/entity/Q1752951,,,,
6812,East Aden Protectorate,Asia,http://www.wikidata.org/entity/Q310772,,,,
6821,Lahej,Asia,http://www.wikidata.org/entity/Q404774,,,,
6822,Aqrabi,Asia,http://www.wikidata.org/entity/Q2121850,,,,
6823,Dhala,Asia,http://www.wikidata.org/entity/Q6415938,,,,
6824,Radfan,Asia,,http://www.wikidata.org/entity/Q3436040,,,
6825,Alawi,Asia,http://www.wikidata.org/entity/Q2121839,,,,
6826,Haushabi,Asia,http://www.wikidata.org/entity/Q1591062,,,,
6827,Maflahi,Asia,http://www.wikidata.org/entity/Q751372,,,,
6828,Shaibi,Asia,http://www.wikidata.org/entity/Q925899,,,,
6829,Upper Yafai,Asia,http://www.wikidata.org/entity/Q1367119,,,,
6831,Lower Yafai,Asia,http://www.wikidata.org/entity/Q1295806,,,,
6832,Fadhli,Asia,http://www.wikidata.org/entity/Q182279,,,,
6833,Beihan,Asia,http://www.wikidata.org/entity/Q2485209,,,,
6834,Audhali,Asia,http://www.wikidata.org/entity/Q758709,,,,
6835,Upper Aulaqi (Sultanate),Asia,http://www.wikidata.org/entity/Q1897860,,,,
6836,Upper Aulaqi (Sheikhdom),Asia,http://www.wikidata.org/entity/Q1641428,,,,
6837,Lower Aulaqi,Asia,http://www.wikidata.org/entity/Q2121845,,,,
6838,Dathina Confederation,Asia,http://www.wikidata.org/entity/Q1172593,,,,
6841,Wahidi,Asia,http://www.wikidata.org/entity/Q1897800,,,,
6842,Haura,Asia,http://www.wikidata.org/entity/Q65050489,,,,
6843,Irqa,Asia,http://www.wikidata.org/entity/Q65051443,,,,
6844,Kathiri of Seiyun,Asia,http://www.wikidata.org/entity/Q1296908,,,,
6845,Quaiti of Shihr and Mukalla,Asia,http://www.wikidata.org/entity/Q202775,,,,
6846,Mahri of Qishn and Socotra,Asia,http://www.wikidata.org/entity/Q1885093,,,,
6901,Neutral Zone (Kuwait-Saudi Arabia),Asia,http://www.wikidata.org/entity/Q74091,,,,
6959,Buraimi Neutral Zone,Asia,http://www.wikidata.org/entity/Q852039,http://www.wikidata.org/entity/Q61439267,,,
6961,Abu Dhabi,Asia,http://www.wikidata.org/entity/Q187712,http://www.wikidata.org/entity/Q1519,,,
6962,Dubai,Asia,http://www.wikidata.org/entity/Q613,http://www.wikidata.org/entity/Q612,,,
6963,Sharjah,Asia,http://www.wikidata.org/entity/Q188810,http://www.wikidata.org/entity/Q289693,,,
6964,Kalba,Asia,http://www.wikidata.org/entity/Q2204078,,,,
6965,Ajman,Asia,http://www.wikidata.org/entity/Q159477,http://www.wikidata.org/entity/Q530171,,,
6966,Umm al Qawain,Asia,http://www.wikidata.org/entity/Q175021,,,,
6967,Ras al Khaimah,Asia,http://www.wikidata.org/entity/Q170024,,,,
6968,Fujairah,Asia,http://www.wikidata.org/entity/Q4091,http://www.wikidata.org/entity/Q4045,,,
6969,Abu Dhabi-Dubai Neutral Zone,Asia,,,,,
6971,Abu Musa I.,Asia,http://www.wikidata.org/entity/Q167217,,,,
6981,Inner Oman,Asia,,http://www.wikidata.org/entity/Q2342282,,,
6982,Kuria Muria Is.,Asia,http://www.wikidata.org/entity/Q521176,,,,
6983,Oman-Sharjah Neutral Zone,Asia,,,,,
7001,Kabul,Asia,http://www.wikidata.org/entity/Q188933,http://www.wikidata.org/entity/Q5838,,,
7002,Kandahar,Asia,http://www.wikidata.org/entity/Q173808,,,,
7003,Herat,Asia,http://www.wikidata.org/entity/Q182844,,,,
7004,Badakhshan,Asia,http://www.wikidata.org/entity/Q165376,,,,
7010,Kokand,Asia,http://www.wikidata.org/entity/Q696241,,,,
7020,Bokhara,Asia,http://www.wikidata.org/entity/Q746558,,,,
7021,Gorno Badakhshan,Asia,http://www.wikidata.org/entity/Q207319,,,,
7030,Khiva,Asia,http://www.wikidata.org/entity/Q491106,,,,
7031,Karakalpakstan,Asia,http://www.wikidata.org/entity/Q484245,,,,
7040,Kazakh Lesser Horde,Asia,,http://www.wikidata.org/entity/Q4208097,,,
7050,Kazakh Middle Horde,Asia,,http://www.wikidata.org/entity/Q4208097,,,
7060,Kazakh Horde of Bukey,Asia,,http://www.wikidata.org/entity/Q129799,,,
7070,Kazakh Greater Horde,Asia,,http://www.wikidata.org/entity/Q4208097,,,
7100,Spratley Is.,Asia,http://www.wikidata.org/entity/Q215664,,,,
7101,Ping-nan,Asia,http://www.wikidata.org/entity/Q1355243,,,,
7102,Jungaria,Asia,http://www.wikidata.org/entity/Q284027,,,,
7103,Kashgar,Asia,http://www.wikidata.org/entity/Q170521,,,,
7104,Kwangtung Territory (Leased),Asia,http://www.wikidata.org/entity/Q678658,,,,
7105,Weihaiwei,Asia,http://www.wikidata.org/entity/Q373023,,,,
7106,Tientsin,Asia,http://www.wikidata.org/entity/Q11736,,,,
7107,Anhwei-Fukien,Asia,,http://www.wikidata.org/entity/Q40956,,,
7108,Yangtze Valley,Asia,http://www.wikidata.org/entity/Q5413,,,,
7109,Yunnan,Asia,http://www.wikidata.org/entity/Q43194,,,,
7110,Kwanchowan,Asia,http://www.wikidata.org/entity/Q1506615,,,,
7111,Manchuria,Asia,http://www.wikidata.org/entity/Q81126,,,,
7112,Szechwan (Sichuan),Asia,http://www.wikidata.org/entity/Q19770,,,,
7113,Chinghai (Tsinghai),Asia,http://www.wikidata.org/entity/Q45833,,,,
7114,Xinjiang (Sinkiang),Asia,http://www.wikidata.org/entity/Q34800,,,,
7115,Provisional Government of the Republic of China,Asia,http://www.wikidata.org/entity/Q704714,,,,
7116,Reformed Government of China,Asia,http://www.wikidata.org/entity/Q708865,,,,
7117,Reorganized National Government of the Republic of China,Asia,http://www.wikidata.org/entity/Q696242,,,,
7118,Ningxia,Asia,http://www.wikidata.org/entity/Q57448,,,,
7121,Inner Mongolia,Asia,http://www.wikidata.org/entity/Q41079,,,,
7131,Diaoyu (Senkaku) Is.,Asia,http://www.wikidata.org/entity/Q29460,,,,
7220,Kiauchau,Asia,http://www.wikidata.org/entity/Q2591393,http://www.wikidata.org/entity/Q489170,http://www.wikidata.org/entity/Q2591393,,
7301,Port Hamilton (Komundo),Asia,http://www.wikidata.org/entity/Q490697,,,,
7302,Kaesong,Asia,http://www.wikidata.org/entity/Q109079,,,,
7311,Sinuiju,Asia,http://www.wikidata.org/entity/Q156243,,,,
7312,Kumgangsan,Asia,,http://www.wikidata.org/entity/Q495501,,,
7330,Korean Demilitarized Zone,Asia,http://www.wikidata.org/entity/Q331990,,,,
7351,Southern Sakhalin I.,Asia,http://www.wikidata.org/entity/Q7792,,,,
7352,Vladivostok,Asia,http://www.wikidata.org/entity/Q959,,,,
7360,Tuvan People's Republic,Asia,http://www.wikidata.org/entity/Q816709,,,,
7399,Takeshima (Dokdo) I.,Asia,http://www.wikidata.org/entity/Q20317,,,,
7411,Bonin Is.,Asia,http://www.wikidata.org/entity/Q243634,,,,
7412,Volcano Is.,Asia,http://www.wikidata.org/entity/Q1141683,,,,
7413,Marcus I.,Asia,http://www.wikidata.org/entity/Q1047492,,,,
7414,Parece Vela I.,Asia,http://www.wikidata.org/entity/Q908529,,,,
7415,Tsushima Is.,Asia,http://www.wikidata.org/entity/Q52051,,,,
7500,Andaman and Nicobar I.,Asia,http://www.wikidata.org/entity/Q40888,,,,
7501,Andaman Is.,Asia,http://www.wikidata.org/entity/Q186233,,,,
7502,Nicobar Is.,Asia,http://www.wikidata.org/entity/Q157286,,,,
7503,Coromandel Coast Posts,Asia,,http://www.wikidata.org/entity/Q182561,,,
7504,Tranquebar and Serampore,Asia,,http://www.wikidata.org/entity/Q1815367,http://www.wikidata.org/entity/Q732594,,
7505,Hyderabad,Asia,http://www.wikidata.org/entity/Q1361,http://www.wikidata.org/entity/Q4494730,,,
7507,Kashmir,Asia,http://www.wikidata.org/entity/Q2571484,http://www.wikidata.org/entity/Q43100,,,
7511,Bikaner,Asia,http://www.wikidata.org/entity/Q859966,,,,
7512,Jaipur,Asia,http://www.wikidata.org/entity/Q6124144,,,,
7513,Udaipur,Asia,http://www.wikidata.org/entity/Q17319155,,,,
7514,Kishangarh,Asia,http://www.wikidata.org/entity/Q6416549,,,,
7515,Lawa,Asia,http://www.wikidata.org/entity/Q6503547,,,,
7516,Jodhpur,Asia,http://www.wikidata.org/entity/Q6207845,,,,
7517,Jaisalmer,Asia,http://www.wikidata.org/entity/Q1678784,,,,
7518,Dholpur,Asia,http://www.wikidata.org/entity/Q1264412,,,,
7519,Karauli,Asia,http://www.wikidata.org/entity/Q6368814,,,,
7521,Kotah,Asia,http://www.wikidata.org/entity/Q1785349,,,,
7522,Banswara,Asia,http://www.wikidata.org/entity/Q806963,,,,
7523,Dungarpur,Asia,http://www.wikidata.org/entity/Q973433,,,,
7524,Dartabgarh,Asia,,,,,
7525,Kushalgar,Asia,http://www.wikidata.org/entity/Q2234705,,,,links to the city
7526,Bundi,Asia,http://www.wikidata.org/entity/Q4997536,,,,
7527,Tonk,Asia,http://www.wikidata.org/entity/Q914031,,,,
7528,Pratapgarh,Asia,http://www.wikidata.org/entity/Q175934,,,,
7529,Shahpura,Asia,http://www.wikidata.org/entity/Q2276431,,,,
7531,Kathiawar,Asia,http://www.wikidata.org/entity/Q1139314,http://www.wikidata.org/entity/Q21075480,,,
7532,Holkar (Indore),Asia,http://www.wikidata.org/entity/Q716890,,,,
7533,Bhopal,Asia,http://www.wikidata.org/entity/Q855044,,,,
7534,Dhar,Asia,http://www.wikidata.org/entity/Q1207561,,,,
7535,Dewas,Asia,http://www.wikidata.org/entity/Q1207105,http://www.wikidata.org/entity/Q3025563,http://www.wikidata.org/entity/Q3025560,,
7536,Taraon,Asia,http://www.wikidata.org/entity/Q18008280,,,,
7537,Samptar (Datia),Asia,http://www.wikidata.org/entity/Q1172600,,,,
7538,Rewa,Asia,http://www.wikidata.org/entity/Q176466,,,,
7539,Sawantwadi,Asia,http://www.wikidata.org/entity/Q18164343,,,,
7541,Bilaspur,Asia,http://www.wikidata.org/entity/Q100157,,,,
7542,Loharu,Asia,http://www.wikidata.org/entity/Q3258086,,,,
7543,Malerkotla,Asia,http://www.wikidata.org/entity/Q11934705,,,,
7544,Sirmur,Asia,http://www.wikidata.org/entity/Q1541353,,,,
7545,Suket,Asia,http://www.wikidata.org/entity/Q3503368,,,,
7546,Garwahl,Asia,http://www.wikidata.org/entity/Q1381495,,,,
7548,Bagelkhand,Asia,http://www.wikidata.org/entity/Q3628827,,,,
7549,Bundelkhand,Asia,http://www.wikidata.org/entity/Q851955,,,,
7551,Malwa,Asia,http://www.wikidata.org/entity/Q550691,,,,
7552,Khairpur,Asia,http://www.wikidata.org/entity/Q2512083,,,,
7553,Idar,Asia,http://www.wikidata.org/entity/Q1755548,,,,
7554,Saugor,Asia,http://www.wikidata.org/entity/Q1006355,http://www.wikidata.org/entity/Q2085421,http://www.wikidata.org/entity/Q2345044,,
7555,Damoh,Asia,http://www.wikidata.org/entity/Q1192231,,,,
7556,Berar,Asia,http://www.wikidata.org/entity/Q17509398,http://www.wikidata.org/entity/Q2983297,,,
7557,Khandesh,Asia,http://www.wikidata.org/entity/Q598803,,,,
7558,Nasik,Asia,http://www.wikidata.org/entity/Q200235,,,,
7559,Ahmadnagar,Asia,http://www.wikidata.org/entity/Q1708155,,,,
7561,Poona,Asia,http://www.wikidata.org/entity/Q1538,,,,
7562,Sholapur,Asia,http://www.wikidata.org/entity/Q237847,http://www.wikidata.org/entity/Q1797263,,,
7563,Ratnagiri,Asia,http://www.wikidata.org/entity/Q1922257,http://www.wikidata.org/entity/Q1771768,,,
7564,Bijapur,Asia,http://www.wikidata.org/entity/Q3636023,,,,
7566,Travancore,Asia,http://www.wikidata.org/entity/Q150058,,,,
7570,Junagadh,Asia,http://www.wikidata.org/entity/Q14491604,,,,
7571,Sirohi,Asia,http://www.wikidata.org/entity/Q7530545,,,,
7572,Assam,Asia,http://www.wikidata.org/entity/Q1164,,,,
7573,Kapurthala,Asia,http://www.wikidata.org/entity/Q1728782,,,,
7574,Chota Nagpur,Asia,http://www.wikidata.org/entity/Q5105376,,,,
7575,Kodagu (Coorg),Asia,http://www.wikidata.org/entity/Q1553185,,,,
7576,Karnal,Asia,http://www.wikidata.org/entity/Q256194,,,,
7577,Sambalpur,Asia,http://www.wikidata.org/entity/Q17315177,,,,
7578,Satara,Asia,http://www.wikidata.org/entity/Q581562,,,,
7579,Gwalior (Sindhia),Asia,http://www.wikidata.org/entity/Q1557792,,,,
7581,Jhansi,Asia,http://www.wikidata.org/entity/Q242995,,,,
7582,Rampur,Asia,http://www.wikidata.org/entity/Q3454186,,,,
7583,Jubbulpore,Asia,http://www.wikidata.org/entity/Q200878,,,,
7584,Balaghat,Asia,http://www.wikidata.org/entity/Q641904,,,,
7585,Nagpur,Asia,http://www.wikidata.org/entity/Q1513,http://www.wikidata.org/entity/Q3824858,,,
7586,Oudh,Asia,http://www.wikidata.org/entity/Q18129046,,,,
7587,Manipur,Asia,http://www.wikidata.org/entity/Q889030,,,,
7588,Baluchistan (Kalat),Asia,http://www.wikidata.org/entity/Q139948,,,,
7589,Maratha Empire,Asia,http://www.wikidata.org/entity/Q83618,,,,
7691,Lahore (Sikh Empire),Asia,http://www.wikidata.org/entity/Q11739,,,,
7692,Peshawar,Asia,http://www.wikidata.org/entity/Q1113311,,,,
7693,Sindh,Asia,http://www.wikidata.org/entity/Q37211,,,,
7694,Bahawalpur,Asia,http://www.wikidata.org/entity/Q800236,,,,
7701,Swat,Asia,http://www.wikidata.org/entity/Q3246260,http://www.wikidata.org/entity/Q389161,,,
7702,Hunza,Asia,http://www.wikidata.org/entity/Q14957246,,,,
7703,Nagar,Asia,http://www.wikidata.org/entity/Q372426,,,,
7704,Chitral,Asia,http://www.wikidata.org/entity/Q11317232,,,,
7705,Dir,Asia,http://www.wikidata.org/entity/Q3243592,http://www.wikidata.org/entity/Q3406890,,,
7706,Amb,Asia,http://www.wikidata.org/entity/Q2841472,,,,
7707,Gwadar,Asia,http://www.wikidata.org/entity/Q580533,,,,
7708,Azad Kashmir,Asia,http://www.wikidata.org/entity/Q200130,,,,
7709,Gilgit Baltistan (Northern Areas),Asia,http://www.wikidata.org/entity/Q200697,,,,
7712,Tin Bigha,Asia,http://www.wikidata.org/entity/Q4233073,,,,
7746,Bawlake,Asia,http://www.wikidata.org/entity/Q7987998,,,,
7747,Kyebogyi,Asia,http://www.wikidata.org/entity/Q7987998,,,,
7748,Naungpale,Asia,http://www.wikidata.org/entity/Q7987998,,,,
7749,Nammekon,Asia,http://www.wikidata.org/entity/Q7987998,http://www.wikidata.org/entity/Q12901160,,,
7750,Hsenwi,Asia,http://www.wikidata.org/entity/Q783492,,,,
7751,Hsipaw,Asia,http://www.wikidata.org/entity/Q18125758,,,,
7752,Tawngpeng,Asia,http://www.wikidata.org/entity/Q784604,,,,
7753,North Hsenwi,Asia,http://www.wikidata.org/entity/Q18128805,,,,
7754,South Hsenwi,Asia,http://www.wikidata.org/entity/Q11028231,,,,
7755,Mang Lon,Asia,http://www.wikidata.org/entity/Q6745355,,,,
7756,Hsamonghkam,Asia,http://www.wikidata.org/entity/Q5924152,http://www.wikidata.org/entity/Q4821924,,,
7757,Kyawkku,Asia,http://www.wikidata.org/entity/Q25248195,,,,
7758,Kyong,Asia,http://www.wikidata.org/entity/Q6452045,,,,
7759,Loi Ai,Asia,http://www.wikidata.org/entity/Q6668062,,,,
7760,Loi Long,Asia,http://www.wikidata.org/entity/Q769533,http://www.wikidata.org/entity/Q7196260,,,
7761,Loi Maw,Asia,,,,,
7762,Maw,Asia,http://www.wikidata.org/entity/Q6746014,,,,
7763,Mawnang,Asia,http://www.wikidata.org/entity/Q16937734,,,,
7764,Mawson,Asia,http://www.wikidata.org/entity/Q6794457,,,,
7765,Namhkam,Asia,http://www.wikidata.org/entity/Q11938356,http://www.wikidata.org/entity/Q6963579,,,
7766,Namtok,Asia,http://www.wikidata.org/entity/Q775848,,,,
7767,Pangmi,Asia,http://www.wikidata.org/entity/Q642143,,,,
7768,Pangtara,Asia,http://www.wikidata.org/entity/Q25182697,,,,
7769,Pwehla,Asia,http://www.wikidata.org/entity/Q7207854,,,,
7770,Yengan,Asia,http://www.wikidata.org/entity/Q11955494,,,,
7771,Yawnghwe,Asia,http://www.wikidata.org/entity/Q18750170,,,,
7772,Lawksawk,Asia,http://www.wikidata.org/entity/Q18164160,,,,
7773,Wanyin,Asia,http://www.wikidata.org/entity/Q675039,,,,
7774,Samka,Asia,http://www.wikidata.org/entity/Q7409604,,,,
7775,Hsahtung,Asia,http://www.wikidata.org/entity/Q5924160,http://www.wikidata.org/entity/Q5924170,,,
7776,Hopong,Asia,http://www.wikidata.org/entity/Q18125697,http://www.wikidata.org/entity/Q5901153,,,
7777,Namhkok,Asia,http://www.wikidata.org/entity/Q6746736,,,,
7778,Mong Pai,Asia,http://www.wikidata.org/entity/Q6746318,,,,
7779,Nawng Wawn,Asia,http://www.wikidata.org/entity/Q6746031,,,,
7780,Sa-koi,Asia,http://www.wikidata.org/entity/Q6745279,,,,
7781,Lai Hka,Asia,http://www.wikidata.org/entity/Q636410,,,,
7782,Mong Kung,Asia,http://www.wikidata.org/entity/Q675065,,,,
7783,Mong Nai,Asia,http://www.wikidata.org/entity/Q18128147,http://www.wikidata.org/entity/Q3813839,,,
7784,Mawkmai,Asia,http://www.wikidata.org/entity/Q18127914,http://www.wikidata.org/entity/Q6794415,,,
7785,Mong Pawn,Asia,http://www.wikidata.org/entity/Q6745336,,,,
7786,Mong Sit,Asia,http://www.wikidata.org/entity/Q6745994,,,,
7787,Mong Pan,Asia,http://www.wikidata.org/entity/Q6899434,,,,
7788,Kenghkam,Asia,http://www.wikidata.org/entity/Q6389182,,,,
7789,Mong Nawng,Asia,http://www.wikidata.org/entity/Q25047819,,,,
7790,Kehsi Mansam,Asia,http://www.wikidata.org/entity/Q6383508,,,,
7791,Keng Lon,Asia,http://www.wikidata.org/entity/Q770681,,,,
7792,Mong Hsu,Asia,http://www.wikidata.org/entity/Q13071989,,,,
7793,Keng Tung,Asia,http://www.wikidata.org/entity/Q1027111,,,,
7794,Hsawnghsup,Asia,http://www.wikidata.org/entity/Q11926139,,,,
7795,Singkaling Hkamti,Asia,http://www.wikidata.org/entity/Q7522813,,,,
7796,Mong Mit,Asia,http://www.wikidata.org/entity/Q3319734,,,,
7797,Hkamti Long,Asia,http://www.wikidata.org/entity/Q19459677,,,,
7798,Western Karenni,Asia,http://www.wikidata.org/entity/Q18126598,http://www.wikidata.org/entity/Q7987998,,,
7799,Kantarawadi (Eastern Karenni),Asia,http://www.wikidata.org/entity/Q6365345,,,,
7806,Jaffna Peninsula,Asia,http://www.wikidata.org/entity/Q2495624,,,,
7910,Tibet,Asia,http://www.wikidata.org/entity/Q17252,http://www.wikidata.org/entity/Q2444884,,,
8001,Chiang Mai (Lan-na),Asia,http://www.wikidata.org/entity/Q233588,,,,
8002,Pattani,Asia,http://www.wikidata.org/entity/Q236781,,,,
8121,Vientiane,Asia,http://www.wikidata.org/entity/Q9326,,,,
8122,Luang Prabang (Lan Sang),Asia,http://www.wikidata.org/entity/Q190165,,,,
8123,Xiangkhouang,Asia,http://www.wikidata.org/entity/Q465947,,,,
8124,Champassak,Asia,http://www.wikidata.org/entity/Q334888,,,,
8151,Cochin China,Asia,http://www.wikidata.org/entity/Q19955896,,,,
8152,Annam,Asia,http://www.wikidata.org/entity/Q10828323,,,,
8153,Tonkin,Asia,http://www.wikidata.org/entity/Q1858,,,,
8171,Paracel Is.,Asia,http://www.wikidata.org/entity/Q274388,,,,
8201,Perak,Asia,http://www.wikidata.org/entity/Q188953,,,,
8202,Selangore,Asia,http://www.wikidata.org/entity/Q189710,,,,
8203,Pahang,Asia,http://www.wikidata.org/entity/Q191346,,,,
8210,Negeri Sembilan,Asia,http://www.wikidata.org/entity/Q213893,,,,
8211,Seremban (Songei Ujong),Asia,http://www.wikidata.org/entity/Q847610,,,,
8212,Rembau,Asia,http://www.wikidata.org/entity/Q2219158,,,,
8213,Seri Menanti,Asia,http://www.wikidata.org/entity/Q3132595,,,,
8214,Ulu Muar,Asia,http://www.wikidata.org/entity/Q1832744,,,,
8215,Jempol,Asia,http://www.wikidata.org/entity/Q2048692,,,,
8216,Johol,Asia,http://www.wikidata.org/entity/Q3826219,,,,
8217,Tampin,Asia,http://www.wikidata.org/entity/Q2219146,,,,
8221,Johore,Asia,http://www.wikidata.org/entity/Q183032,,,,
8222,Kedah,Asia,http://www.wikidata.org/entity/Q188947,,,,
8223,Kelantan,Asia,http://www.wikidata.org/entity/Q185944,,,,
8224,Perlis,Asia,http://www.wikidata.org/entity/Q213467,,,,
8225,Trengganu,Asia,http://www.wikidata.org/entity/Q189701,,,,
8231,Labuan I.,Asia,http://www.wikidata.org/entity/Q214504,,,,
8271,Malacca,Asia,http://www.wikidata.org/entity/Q185221,,,,
8272,Penang,Asia,http://www.wikidata.org/entity/Q188096,,,,
8401,Sulu Sultanate,Asia,http://www.wikidata.org/entity/Q422065,,,,
8402,Bohol,Asia,http://www.wikidata.org/entity/Q6497558,,,,
8403,Mindanao,Asia,http://www.wikidata.org/entity/Q124873,,,,
8522,Lanfang,Asia,https://www.wikidata.org/wiki/Q3233989,,,,
8523,Bulungan,Asia,https://www.wikidata.org/wiki/Q3503548,,,,
8524,Pontianak,Asia,https://www.wikidata.org/wiki/Q3048747,,,,
8525,Sambas,Asia,https://www.wikidata.org/wiki/Q3109927,,,,
8531,Aceh,Asia,https://www.wikidata.org/wiki/Q1061057,,,,
8532,Deli,Asia,http://www.wikidata.org/entity/Q5804,http://www.wikidata.org/entity/Q2030015,,,
8533,Siak,Asia,http://www.wikidata.org/entity/Q7777,,,,
8534,Minangkabau (Melayu),Asia,http://www.wikidata.org/entity/Q3112053,,,,
8535,Kulon,Asia,http://www.wikidata.org/entity/Q11479,,,,
8536,Jambi,Asia,http://www.wikidata.org/entity/Q2051,,,,
8537,Palembang,Asia,http://www.wikidata.org/entity/Q8131,,,,
8538,Kutai,Asia,http://www.wikidata.org/entity/Q1794655,,,,
8539,Toraja,Asia,http://www.wikidata.org/entity/Q14632,,,,
8541,Bali,Asia,http://www.wikidata.org/entity/Q12491027,,,,
8542,Lombok,Asia,http://www.wikidata.org/entity/Q7564,,,,
8543,Banjarmasin,Asia,https://www.wikidata.org/wiki/Q1660566,,,,
8544,Riau,Asia,http://www.wikidata.org/entity/Q2175,,,,
8545,Tapanuli Selatan (Angkola),Asia,http://www.wikidata.org/entity/Q5914,,,,
8546,Mandailing,Asia,http://www.wikidata.org/entity/Q5837,,,,
8547,Tapanuli,Asia,http://www.wikidata.org/entity/Q16972714,http://www.wikidata.org/entity/Q5984,,,
8548,Lampung,Asia,http://www.wikidata.org/entity/Q2110,,,,
8549,Buni,Asia,,,,,
8551,Indrapura,Asia,http://www.wikidata.org/entity/Q3482884,,,,
8552,Bone,Asia,http://www.wikidata.org/entity/Q14595,,,,
8553,Gowa,Asia,http://www.wikidata.org/entity/Q14601,http://www.wikidata.org/entity/Q1408641,,,
8554,Luwu,Asia,http://www.wikidata.org/entity/Q14604,,,,
8555,Bencoolen,Asia,http://www.wikidata.org/entity/Q1890,,,,
8560,Buleleng,Asia,http://www.wikidata.org/entity/Q11495,,,,
8561,Jembrana,Asia,http://www.wikidata.org/entity/Q11499,,,,
9001,Christmas I.,Oceania,http://www.wikidata.org/entity/Q31063,,,,
9002,Cocos (Keeling) Is.,Oceania,http://www.wikidata.org/entity/Q36004,,,,
9003,Coral Sea Is.,Oceania,http://www.wikidata.org/entity/Q172216,,,,
9004,Norfolk I.,Oceania,http://www.wikidata.org/entity/Q31057,,,,
9005,Heard and McDonald Is.,Oceania,http://www.wikidata.org/entity/Q131198,,,,
9006,Macquarie I.,Oceania,http://www.wikidata.org/entity/Q46650,,,,
9007,Lord Howe I.,Oceania,http://www.wikidata.org/entity/Q104784,,,,
9008,Ashmore and Cartier Is,Oceania,http://www.wikidata.org/entity/Q133888,,,,
9100,New Guinea,Oceania,http://www.wikidata.org/entity/Q40285,,,,
9101,Bougainville (Republic of the North Solomons),Oceania,http://www.wikidata.org/entity/Q201766,http://www.wikidata.org/entity/Q4393602,,,
9102,Bougainville,Oceania,,,,,
9201,Tokelau Is.,Oceania,http://www.wikidata.org/entity/Q36823,,,,
9202,Kermadec Is.,Oceania,http://www.wikidata.org/entity/Q114935,,,,
9203,Chatham Is.,Oceania,http://www.wikidata.org/entity/Q1427436,,,,
9204,Bounty Is.,Oceania,http://www.wikidata.org/entity/Q41451,,,,
9205,Auckland Is.,Oceania,http://www.wikidata.org/entity/Q326951,,,,
9206,Campbell I.,Oceania,http://www.wikidata.org/entity/Q3593036,,,,
9251,Rarotonga,Oceania,http://www.wikidata.org/entity/Q471793,,,,
9252,Northern Cook Is.,Oceania,http://www.wikidata.org/entity/Q11832316,,,,
9253,Niue I.,Oceania,http://www.wikidata.org/entity/Q34020,,,,
9301,Chesterfield Is.,Oceania,http://www.wikidata.org/entity/Q1070802,,,,
9321,Wallis and Futuna Is.,Oceania,http://www.wikidata.org/entity/Q35555,,,,
9322,Uvea,Oceania,http://www.wikidata.org/entity/Q7903676,,,,
9323,Tua (Singave),Oceania,http://www.wikidata.org/entity/Q2554877,,,,
9324,Alo (Futuna),Oceania,http://www.wikidata.org/entity/Q2734700,,,,
9351,Vemarana (Espiritu Santo),Oceania,http://www.wikidata.org/entity/Q337524,,,,
9401,German Solomon Is.,Oceania,http://www.wikidata.org/entity/Q2763281,,,,
9451,Banaba I. (Ocean I.),Oceania,http://www.wikidata.org/entity/Q271901,,,,
9452,Christmas Is.,Oceania,http://www.wikidata.org/entity/Q31063,,,,
9453,Fanning I.,Oceania,http://www.wikidata.org/entity/Q127335,,,,
9454,Teraina (Washington I.),Oceania,http://www.wikidata.org/entity/Q911037,,,,
9461,Canton and Enderbury Is.,Oceania,http://www.wikidata.org/entity/Q2618621,,,,
9462,Malden I.,Oceania,http://www.wikidata.org/entity/Q532590,,,,
9463,Starbuck I.,Oceania,http://www.wikidata.org/entity/Q911028,,,,
9464,Vostok I.,Oceania,http://www.wikidata.org/entity/Q976570,,,,
9465,Flint I.,Oceania,http://www.wikidata.org/entity/Q741650,,,,
9466,Caroline I.,Oceania,http://www.wikidata.org/entity/Q822151,,,,
9501,Rotuma I.,Oceania,http://www.wikidata.org/entity/Q459763,,,,
9551,Vava'u,Oceania,http://www.wikidata.org/entity/Q859666,,,,
9552,Tongatapu,Oceania,http://www.wikidata.org/entity/Q620452,,,,
9553,Ha'apai,Oceania,http://www.wikidata.org/entity/Q612098,,,,
9601,Society Is.,Oceania,http://www.wikidata.org/entity/Q118920,,,,
9602,Marquesas Is.,Oceania,http://www.wikidata.org/entity/Q172697,,,,
9603,Tuamotu Is.,Oceania,http://www.wikidata.org/entity/Q183963,,,,
9604,Gambier Is.,Oceania,http://www.wikidata.org/entity/Q504043,,,,
9605,Tubuai Is. (Austral Is.),Oceania,http://www.wikidata.org/entity/Q514626,,,,
9606,Tahiti,Oceania,http://www.wikidata.org/entity/Q42000,,,,
9610,Clipperton I.,Oceania,http://www.wikidata.org/entity/Q161258,,,,
9620,Pitcairn Is.,Oceania,http://www.wikidata.org/entity/Q35672,,,,
9621,Ducie I.,Oceania,http://www.wikidata.org/entity/Q1122663,,,,
9720,Wake I.,Oceania,http://www.wikidata.org/entity/Q43296,,,,
9730,Midway Is.,Oceania,http://www.wikidata.org/entity/Q47863,,,,
9740,Palmyra Is.,Oceania,http://www.wikidata.org/entity/Q123076,,,,
9750,Johnston I.,Oceania,http://www.wikidata.org/entity/Q131008,,,,
9760,Kingman Reef,Oceania,http://www.wikidata.org/entity/Q130895,,,,
9770,Howland I.,Oceania,http://www.wikidata.org/entity/Q131305,,,,
9771,Baker I.,Oceania,http://www.wikidata.org/entity/Q46879,,,,
9772,Jarvis I.,Oceania,http://www.wikidata.org/entity/Q62218,,,,
9810,Caroline Is.,Oceania,http://www.wikidata.org/entity/Q822151,,,,
9820,Mariana Is.,Oceania,http://www.wikidata.org/entity/Q153732,,,,
9830,Bismarck Archipelago (New Britain) (Neupommern),Oceania,https://www.wikidata.org/wiki/Q154628,,,,
9900,Samoa,Oceania,http://www.wikidata.org/entity/Q683,,,,
9960,Australian Antarctic Territory,Oceania,http://www.wikidata.org/entity/Q178994,,,,
9970,French and Southern Antarctic Territories(F.S.A.T.),Oceania,http://www.wikidata.org/entity/Q129003,,,,
9971,Adelie Land,Oceania,http://www.wikidata.org/entity/Q184319,,,,
9972,St. Paul and New Amsterdam Is.,Oceania,http://www.wikidata.org/entity/Q1681727,,,,
9973,Kerguelen Is.,Oceania,http://www.wikidata.org/entity/Q46772,,,,
9974,Crozet Is.,Oceania,http://www.wikidata.org/entity/Q201698,,,,
9980,British Antarctic Territory,Oceania,http://www.wikidata.org/entity/Q165783,,,,
9981,Palmer Antarctic Territory,Oceania,http://www.wikidata.org/entity/Q1333903,,,,
9982,South Orkney Is.,Oceania,http://www.wikidata.org/entity/Q207383,,,,
9983,South Shetland Is.,Oceania,http://www.wikidata.org/entity/Q140948,,,,
9984,South Sandwich Is.,Oceania,http://www.wikidata.org/entity/Q118223,,,,
9985,Argentine Antarctica,Oceania,http://www.wikidata.org/entity/Q646243,,,,
9986,Chilean Antarctica,Oceania,http://www.wikidata.org/entity/Q3626,,,,
9987,Neu Schwabenland,Oceania,http://www.wikidata.org/entity/Q252609,,,,
9991,Peter I I.,Oceania,http://www.wikidata.org/entity/Q202780,,,,
9992,Queen Maud Land,Oceania,http://www.wikidata.org/entity/Q189999,,,,
9993,Bouvet I.,Oceania,http://www.wikidata.org/entity/Q23408,,,,
9994,Ross Dependency,Oceania,http://www.wikidata.org/entity/Q203073,,,,
9998,Concessions in China,World,https://www.wikidata.org/wiki/Q1376651,,,,
9999,Inter-Allied Commission of Control,World,https://www.wikidata.org/wiki/Q1665892,,,,
10200,North-Western Territory,America,https://www.wikidata.org/wiki/Q1998931,,,,
10201,Northwest Territories,America,https://www.wikidata.org/wiki/Q2007,,,,
10202,Alberta,America,https://www.wikidata.org/wiki/Q1951,,,,
10203,Saskatchewan,America,https://www.wikidata.org/wiki/Q1989,,,,
10204,Manitoba,America,https://www.wikidata.org/wiki/Q1948,,,,
10205,Yukon,America,https://www.wikidata.org/wiki/Q2009,,,,
10206,Nunavut,America,https://www.wikidata.org/wiki/Q2023,,,,
10210,Labrador,America,https://www.wikidata.org/wiki/Q380307,,,,